#
# There is insufficient memory for the Java Runtime Environment to continue.
# Native memory allocation (mmap) failed to map 198180864 bytes. Error detail: G1 virtual space
# Possible reasons:
#   The system is out of physical RAM or swap space
#   This process is running with CompressedOops enabled, and the Java Heap may be blocking the growth of the native heap
# Possible solutions:
#   Reduce memory load on the system
#   Increase physical memory or swap space
#   Check if swap backing store is full
#   Decrease Java heap size (-Xmx/-Xms)
#   Decrease number of Java threads
#   Decrease Java thread stack sizes (-Xss)
#   Set larger code cache with -XX:ReservedCodeCacheSize=
#   JVM is running with Unscaled Compressed Oops mode in which the Java heap is
#     placed in the first 4GB address space. The Java Heap base address is the
#     maximum limit for the native heap growth. Please use -XX:HeapBaseMinAddress
#     to set the Java Heap base and to place the Java Heap above 4GB virtual address.
# This output file may be truncated or incomplete.
#
#  Out of Memory Error (os_windows.cpp:3926), pid=3244, tid=16276
#
# JRE version: OpenJDK Runtime Environment (21.0.10) (build 21.0.10+-14961533-b1163.108)
# Java VM: OpenJDK 64-Bit Server VM (21.0.10+-14961533-b1163.108, mixed mode, tiered, compressed oops, compressed class ptrs, g1 gc, windows-amd64)
# No core dump will be written. Minidumps are not enabled by default on client versions of Windows
#

---------------  S U M M A R Y ------------

Command Line: --add-opens=java.base/java.lang=ALL-UNNAMED --add-opens=java.base/java.lang.invoke=ALL-UNNAMED --add-opens=java.base/java.util=ALL-UNNAMED --add-opens=java.prefs/java.util.prefs=ALL-UNNAMED --add-exports=jdk.compiler/com.sun.tools.javac.api=ALL-UNNAMED --add-exports=jdk.compiler/com.sun.tools.javac.util=ALL-UNNAMED --add-opens=java.base/java.util=ALL-UNNAMED --add-opens=java.prefs/java.util.prefs=ALL-UNNAMED --add-opens=java.base/java.nio.charset=ALL-UNNAMED --add-opens=java.base/java.net=ALL-UNNAMED --add-opens=java.base/java.util.concurrent=ALL-UNNAMED --add-opens=java.base/java.util.concurrent.atomic=ALL-UNNAMED --add-opens=java.xml/javax.xml.namespace=ALL-UNNAMED --add-opens=java.base/java.time=ALL-UNNAMED -Xmx2048m -Dfile.encoding=UTF-8 -Duser.country=US -Duser.language=en -Duser.variant -javaagent:C:\Users\Lenovo\.gradle\wrapper\dists\gradle-9.4.1-bin\arn2x92ynaizyzdaamcbpbhtj\gradle-9.4.1\lib\agents\gradle-instrumentation-agent-9.4.1.jar org.gradle.launcher.daemon.bootstrap.GradleDaemon 9.4.1

Host: 11th Gen Intel(R) Core(TM) i7-1185G7 @ 3.00GHz, 8 cores, 15G,  Windows 11 , 64 bit Build 26100 (10.0.26100.8521)
Time: Sat May 30 18:34:39 2026 W. Australia Standard Time elapsed time: 16.840366 seconds (0d 0h 0m 16s)

---------------  T H R E A D  ---------------

Current thread (0x000002055d5c4b50):  VMThread "VM Thread"          [id=16276, stack(0x0000003ed0300000,0x0000003ed0400000) (1024K)]

Stack: [0x0000003ed0300000,0x0000003ed0400000]
Native frames: (J=compiled Java code, j=interpreted, Vv=VM code, C=native code)
V  [jvm.dll+0x6d78a9]
V  [jvm.dll+0x8665b3]
V  [jvm.dll+0x868bde]
V  [jvm.dll+0x8692c3]
V  [jvm.dll+0x280ee6]
V  [jvm.dll+0x6d4165]
V  [jvm.dll+0x6c77fa]
V  [jvm.dll+0x358f4b]
V  [jvm.dll+0x360bc6]
V  [jvm.dll+0x3b2ea6]
V  [jvm.dll+0x3b3178]
V  [jvm.dll+0x32b65c]
V  [jvm.dll+0x32b6e7]
V  [jvm.dll+0x3715cc]
V  [jvm.dll+0x36fd7e]
V  [jvm.dll+0x32adb1]
V  [jvm.dll+0x36f480]
V  [jvm.dll+0x86f048]
V  [jvm.dll+0x870394]
V  [jvm.dll+0x8708d0]
V  [jvm.dll+0x870b63]
V  [jvm.dll+0x80fd28]
V  [jvm.dll+0x6d60fd]
C  [ucrtbase.dll+0x2cd30]
C  [KERNEL32.DLL+0x2e957]
C  [ntdll.dll+0x87c1c]

VM_Operation (0x0000003ed39fa6c0): G1CollectForAllocation, mode: safepoint, requested by thread 0x0000020567cec430


---------------  P R O C E S S  ---------------

Threads class SMR info:
_java_thread_list=0x00000205637a92b0, length=52, elements={
0x0000020543926930, 0x000002055d65c9c0, 0x000002055d670f10, 0x000002055d65d840,
0x000002055d6a57e0, 0x000002055d6ae340, 0x000002055d68e690, 0x000002055d68fc60,
0x000002055d693970, 0x000002055d694410, 0x00000205620722e0, 0x0000020563ec5200,
0x0000020563b6b340, 0x00000205636728e0, 0x00000205642d7260, 0x0000020563405010,
0x0000020563a368e0, 0x0000020563fa06b0, 0x0000020563fa13d0, 0x0000020563f9ec70,
0x0000020563fa0d40, 0x0000020563f9df50, 0x0000020563f9e5e0, 0x0000020563f9f300,
0x0000020566175860, 0x0000020566173e20, 0x0000020566175ef0, 0x0000020566174b40,
0x0000020566176580, 0x0000020566173100, 0x0000020566176c10, 0x0000020566173790,
0x00000205661772a0, 0x0000020566177930, 0x00000205661744b0, 0x0000020566178ce0,
0x0000020566177fc0, 0x000002056617a090, 0x0000020566179a00, 0x0000020566179370,
0x0000020567ceb710, 0x0000020567cecac0, 0x0000020567cebda0, 0x0000020567cee500,
0x0000020567cec430, 0x0000020567ced150, 0x0000020567ced7e0, 0x0000020567cede70,
0x00000205621ac540, 0x000002057b8f3120, 0x0000020564e8d8a0, 0x0000020564e8b7d0
}

Java Threads: ( => current thread )
  0x0000020543926930 JavaThread "main"                              [_thread_blocked, id=17596, stack(0x0000003ecfc00000,0x0000003ecfd00000) (1024K)]
  0x000002055d65c9c0 JavaThread "Common-Cleaner"             daemon [_thread_blocked, id=7752, stack(0x0000003ed0400000,0x0000003ed0500000) (1024K)]
  0x000002055d670f10 JavaThread "Reference Handler"          daemon [_thread_blocked, id=16124, stack(0x0000003ed0500000,0x0000003ed0600000) (1024K)]
  0x000002055d65d840 JavaThread "Finalizer"                  daemon [_thread_blocked, id=15116, stack(0x0000003ed0600000,0x0000003ed0700000) (1024K)]
  0x000002055d6a57e0 JavaThread "Signal Dispatcher"          daemon [_thread_blocked, id=11180, stack(0x0000003ed0700000,0x0000003ed0800000) (1024K)]
  0x000002055d6ae340 JavaThread "Attach Listener"            daemon [_thread_blocked, id=3400, stack(0x0000003ed0800000,0x0000003ed0900000) (1024K)]
  0x000002055d68e690 JavaThread "Service Thread"             daemon [_thread_blocked, id=12340, stack(0x0000003ed0900000,0x0000003ed0a00000) (1024K)]
  0x000002055d68fc60 JavaThread "Monitor Deflation Thread"   daemon [_thread_blocked, id=2460, stack(0x0000003ed0a00000,0x0000003ed0b00000) (1024K)]
  0x000002055d693970 JavaThread "C2 CompilerThread0"         daemon [_thread_blocked, id=4044, stack(0x0000003ed0b00000,0x0000003ed0c00000) (1024K)]
  0x000002055d694410 JavaThread "C1 CompilerThread0"         daemon [_thread_blocked, id=14012, stack(0x0000003ed0c00000,0x0000003ed0d00000) (1024K)]
  0x00000205620722e0 JavaThread "Notification Thread"        daemon [_thread_blocked, id=8404, stack(0x0000003ed0d00000,0x0000003ed0e00000) (1024K)]
  0x0000020563ec5200 JavaThread "Daemon health stats"               [_thread_blocked, id=9732, stack(0x0000003ed1500000,0x0000003ed1600000) (1024K)]
  0x0000020563b6b340 JavaThread "Incoming local TCP Connector on port 53552"        [_thread_in_native, id=14992, stack(0x0000003ed1600000,0x0000003ed1700000) (1024K)]
  0x00000205636728e0 JavaThread "Daemon periodic checks"            [_thread_blocked, id=14648, stack(0x0000003ed1700000,0x0000003ed1800000) (1024K)]
  0x00000205642d7260 JavaThread "Daemon"                            [_thread_blocked, id=14980, stack(0x0000003ed1800000,0x0000003ed1900000) (1024K)]
  0x0000020563405010 JavaThread "Handler for socket connection from /127.0.0.1:53552 to /127.0.0.1:53553"        [_thread_in_native, id=19604, stack(0x0000003ed1900000,0x0000003ed1a00000) (1024K)]
  0x0000020563a368e0 JavaThread "Cancel handler"                    [_thread_blocked, id=8836, stack(0x0000003ed1d00000,0x0000003ed1e00000) (1024K)]
  0x0000020563fa06b0 JavaThread "Daemon worker"                     [_thread_blocked, id=20064, stack(0x0000003ed1e00000,0x0000003ed1f00000) (1024K)]
  0x0000020563fa13d0 JavaThread "Asynchronous log dispatcher for DefaultDaemonConnection: socket connection from /127.0.0.1:53552 to /127.0.0.1:53553"        [_thread_blocked, id=11652, stack(0x0000003ed1f00000,0x0000003ed2000000) (1024K)]
  0x0000020563f9ec70 JavaThread "Stdin handler"                     [_thread_blocked, id=7844, stack(0x0000003ed2000000,0x0000003ed2100000) (1024K)]
  0x0000020563fa0d40 JavaThread "Daemon client event forwarder"        [_thread_blocked, id=10772, stack(0x0000003ed2100000,0x0000003ed2200000) (1024K)]
  0x0000020563f9df50 JavaThread "Cache worker for journal cache (C:\Users\Lenovo\.gradle\caches\journal-1)"        [_thread_blocked, id=9132, stack(0x0000003ed2200000,0x0000003ed2300000) (1024K)]
  0x0000020563f9e5e0 JavaThread "File lock request listener"        [_thread_in_native, id=20176, stack(0x0000003ed2300000,0x0000003ed2400000) (1024K)]
  0x0000020563f9f300 JavaThread "Cache worker for file hash cache (C:\Users\Lenovo\.gradle\caches\9.4.1\fileHashes)"        [_thread_blocked, id=11316, stack(0x0000003ed2400000,0x0000003ed2500000) (1024K)]
  0x0000020566175860 JavaThread "Cache worker for file hash cache (C:\Users\Lenovo\AndroidStudioProjects\FinTrack\.gradle\9.4.1\fileHashes)"        [_thread_blocked, id=18084, stack(0x0000003ed2500000,0x0000003ed2600000) (1024K)]
  0x0000020566173e20 JavaThread "Cache worker for Build Output Cleanup Cache (C:\Users\Lenovo\AndroidStudioProjects\FinTrack\.gradle\buildOutputCleanup)"        [_thread_blocked, id=14976, stack(0x0000003ed2600000,0x0000003ed2700000) (1024K)]
  0x0000020566175ef0 JavaThread "File watcher server"        daemon [_thread_in_native, id=20172, stack(0x0000003ed2700000,0x0000003ed2800000) (1024K)]
  0x0000020566174b40 JavaThread "File watcher consumer"      daemon [_thread_blocked, id=20688, stack(0x0000003ed2800000,0x0000003ed2900000) (1024K)]
  0x0000020566176580 JavaThread "jar transforms"                    [_thread_blocked, id=3356, stack(0x0000003ed2900000,0x0000003ed2a00000) (1024K)]
  0x0000020566173100 JavaThread "jar transforms Thread 2"           [_thread_blocked, id=15152, stack(0x0000003ed2a00000,0x0000003ed2b00000) (1024K)]
  0x0000020566176c10 JavaThread "jar transforms Thread 3"           [_thread_blocked, id=14480, stack(0x0000003ed2b00000,0x0000003ed2c00000) (1024K)]
  0x0000020566173790 JavaThread "jar transforms Thread 4"           [_thread_blocked, id=7044, stack(0x0000003ed2c00000,0x0000003ed2d00000) (1024K)]
  0x00000205661772a0 JavaThread "jar transforms Thread 5"           [_thread_blocked, id=9408, stack(0x0000003ed2d00000,0x0000003ed2e00000) (1024K)]
  0x0000020566177930 JavaThread "jar transforms Thread 6"           [_thread_blocked, id=6124, stack(0x0000003ed2e00000,0x0000003ed2f00000) (1024K)]
  0x00000205661744b0 JavaThread "jar transforms Thread 7"           [_thread_blocked, id=6848, stack(0x0000003ed2f00000,0x0000003ed3000000) (1024K)]
  0x0000020566178ce0 JavaThread "jar transforms Thread 8"           [_thread_blocked, id=16508, stack(0x0000003ed3000000,0x0000003ed3100000) (1024K)]
  0x0000020566177fc0 JavaThread "Cache worker for file content cache (C:\Users\Lenovo\.gradle\caches\9.4.1\fileContent)"        [_thread_blocked, id=17916, stack(0x0000003ed0f00000,0x0000003ed1000000) (1024K)]
  0x000002056617a090 JavaThread "Cache worker for checksums cache (C:\Users\Lenovo\AndroidStudioProjects\FinTrack\.gradle\9.4.1\checksums)"        [_thread_blocked, id=15264, stack(0x0000003ed3100000,0x0000003ed3200000) (1024K)]
  0x0000020566179a00 JavaThread "Cache worker for cache directory md-supplier (C:\Users\Lenovo\.gradle\caches\9.4.1\md-supplier)"        [_thread_blocked, id=16504, stack(0x0000003ed3200000,0x0000003ed3300000) (1024K)]
  0x0000020566179370 JavaThread "Cache worker for cache directory md-rule (C:\Users\Lenovo\.gradle\caches\9.4.1\md-rule)"        [_thread_blocked, id=5444, stack(0x0000003ed3300000,0x0000003ed3400000) (1024K)]
  0x0000020567ceb710 JavaThread "Build operations"                  [_thread_blocked, id=19060, stack(0x0000003ed3500000,0x0000003ed3600000) (1024K)]
  0x0000020567cecac0 JavaThread "Build operations Thread 2"         [_thread_blocked, id=17300, stack(0x0000003ed3600000,0x0000003ed3700000) (1024K)]
  0x0000020567cebda0 JavaThread "Build operations Thread 3"         [_thread_blocked, id=11108, stack(0x0000003ed3700000,0x0000003ed3800000) (1024K)]
  0x0000020567cee500 JavaThread "Build operations Thread 4"         [_thread_blocked, id=9088, stack(0x0000003ed3800000,0x0000003ed3900000) (1024K)]
  0x0000020567cec430 JavaThread "Build operations Thread 5"         [_thread_blocked, id=8424, stack(0x0000003ed3900000,0x0000003ed3a00000) (1024K)]
  0x0000020567ced150 JavaThread "Build operations Thread 6"         [_thread_blocked, id=8960, stack(0x0000003ed3a00000,0x0000003ed3b00000) (1024K)]
  0x0000020567ced7e0 JavaThread "Build operations Thread 7"         [_thread_blocked, id=21180, stack(0x0000003ed3b00000,0x0000003ed3c00000) (1024K)]
  0x0000020567cede70 JavaThread "Build operations Thread 8"         [_thread_blocked, id=20120, stack(0x0000003ed3c00000,0x0000003ed3d00000) (1024K)]
  0x00000205621ac540 JavaThread "C2 CompilerThread1"         daemon [_thread_blocked, id=6720, stack(0x0000003ed0e00000,0x0000003ed0f00000) (1024K)]
  0x000002057b8f3120 JavaThread "C2 CompilerThread2"         daemon [_thread_blocked, id=7112, stack(0x0000003ed3400000,0x0000003ed3500000) (1024K)]
  0x0000020564e8d8a0 JavaThread "Kotlin DSL Writer"                 [_thread_blocked, id=20116, stack(0x0000003ed3d00000,0x0000003ed3e00000) (1024K)]
  0x0000020564e8b7d0 JavaThread "pool-1-thread-1"                   [_thread_blocked, id=17480, stack(0x0000003ed3e00000,0x0000003ed3f00000) (1024K)]
Total: 52

Other Threads:
=>0x000002055d5c4b50 VMThread "VM Thread"                           [id=16276, stack(0x0000003ed0300000,0x0000003ed0400000) (1024K)]
  0x000002055d584460 WatcherThread "VM Periodic Task Thread"        [id=21904, stack(0x0000003ed0200000,0x0000003ed0300000) (1024K)]
  0x0000020545d844f0 WorkerThread "GC Thread#0"                     [id=5156, stack(0x0000003ecfd00000,0x0000003ecfe00000) (1024K)]
  0x0000020562e4d700 WorkerThread "GC Thread#1"                     [id=6372, stack(0x0000003ed1000000,0x0000003ed1100000) (1024K)]
  0x0000020562f2a430 WorkerThread "GC Thread#2"                     [id=11532, stack(0x0000003ed1100000,0x0000003ed1200000) (1024K)]
  0x0000020562fe2020 WorkerThread "GC Thread#3"                     [id=18316, stack(0x0000003ed1200000,0x0000003ed1300000) (1024K)]
  0x0000020562fe23d0 WorkerThread "GC Thread#4"                     [id=16012, stack(0x0000003ed1300000,0x0000003ed1400000) (1024K)]
  0x0000020562b93ee0 WorkerThread "GC Thread#5"                     [id=19448, stack(0x0000003ed1400000,0x0000003ed1500000) (1024K)]
  0x0000020563f71940 WorkerThread "GC Thread#6"                     [id=12656, stack(0x0000003ed1a00000,0x0000003ed1b00000) (1024K)]
  0x0000020563f720a0 WorkerThread "GC Thread#7"                     [id=12968, stack(0x0000003ed1b00000,0x0000003ed1c00000) (1024K)]
  0x0000020545d953f0 ConcurrentGCThread "G1 Main Marker"            [id=11232, stack(0x0000003ecfe00000,0x0000003ecff00000) (1024K)]
  0x0000020545d95e10 WorkerThread "G1 Conc#0"                       [id=7048, stack(0x0000003ecff00000,0x0000003ed0000000) (1024K)]
  0x0000020563f706d0 WorkerThread "G1 Conc#1"                       [id=15220, stack(0x0000003ed1c00000,0x0000003ed1d00000) (1024K)]
  0x000002055d320a90 ConcurrentGCThread "G1 Refine#0"               [id=11408, stack(0x0000003ed0000000,0x0000003ed0100000) (1024K)]
  0x000002055d321520 ConcurrentGCThread "G1 Service"                [id=21916, stack(0x0000003ed0100000,0x0000003ed0200000) (1024K)]
Total: 15

Threads with active compile tasks:
C2 CompilerThread0  16851 13320       4       org.gradle.api.internal.initialization.transform.InstrumentationAnalysisTransform$$Lambda/0x000000010144b1b0::visit (13 bytes)
C2 CompilerThread1  16851 13319       4       org.gradle.api.internal.initialization.transform.InstrumentationAnalysisTransform::lambda$analyzeArtifact$1 (77 bytes)
C2 CompilerThread2  16851 13280       4       org.gradle.internal.serialize.HierarchicalNameSerializer::writeName (88 bytes)
Total: 3

VM state: at safepoint (normal execution)

VM Mutex/Monitor currently owned by a thread:  ([mutex/lock_event])
[0x00007fff265886d0] Threads_lock - owner thread: 0x000002055d5c4b50
[0x00007fff265887d0] Heap_lock - owner thread: 0x0000020567cec430

Heap address: 0x0000000080000000, size: 2048 MB, Compressed Oops mode: 32-bit

CDS archive(s) not mapped
Compressed class space mapped at: 0x0000000100000000-0x0000000140000000, reserved size: 1073741824
Narrow klass base: 0x0000000000000000, Narrow klass shift: 3, Narrow klass range: 0x140000000

GC Precious Log:
 CardTable entry size: 512
 Card Set container configuration: InlinePtr #cards 5 size 8 Array Of Cards #cards 12 size 40 Howl #buckets 4 coarsen threshold 1843 Howl Bitmap #cards 512 size 80 coarsen threshold 460 Card regions per heap region 1 cards per card region 2048
 CPUs: 8 total, 8 available
 Memory: 16112M
 Large Page Support: Disabled
 NUMA Support: Disabled
 Compressed Oops: Enabled (32-bit)
 Heap Region Size: 1M
 Heap Min Capacity: 8M
 Heap Initial Capacity: 252M
 Heap Max Capacity: 2G
 Pre-touch: Disabled
 Parallel Workers: 8
 Concurrent Workers: 2
 Concurrent Refinement Workers: 8
 Periodic GC: Disabled

Heap:
 garbage-first heap   total 280576K, used 160741K [0x0000000080000000, 0x0000000100000000)
  region size 1024K, 8 young (8192K), 8 survivors (8192K)
 Metaspace       used 150311K, committed 152384K, reserved 1245184K
  class space    used 19855K, committed 20864K, reserved 1048576K

Heap Regions: E=young(eden), S=young(survivor), O=old, HS=humongous(starts), HC=humongous(continues), CS=collection set, F=free, TAMS=top-at-mark-start, PB=parsable bottom
|   0|0x0000000080000000, 0x0000000080100000, 0x0000000080100000|100%|HS|  |TAMS 0x0000000080000000| PB 0x0000000080000000| Complete 
|   1|0x0000000080100000, 0x0000000080200000, 0x0000000080200000|100%|HC|  |TAMS 0x0000000080100000| PB 0x0000000080100000| Complete 
|   2|0x0000000080200000, 0x0000000080300000, 0x0000000080300000|100%|HC|  |TAMS 0x0000000080200000| PB 0x0000000080200000| Complete 
|   3|0x0000000080300000, 0x0000000080400000, 0x0000000080400000|100%|HC|  |TAMS 0x0000000080300000| PB 0x0000000080300000| Complete 
|   4|0x0000000080400000, 0x0000000080500000, 0x0000000080500000|100%| O|  |TAMS 0x0000000080400000| PB 0x0000000080400000| Untracked 
|   5|0x0000000080500000, 0x0000000080600000, 0x0000000080600000|100%| O|  |TAMS 0x0000000080500000| PB 0x0000000080500000| Untracked 
|   6|0x0000000080600000, 0x0000000080700000, 0x0000000080700000|100%| O|  |TAMS 0x0000000080600000| PB 0x0000000080600000| Untracked 
|   7|0x0000000080700000, 0x0000000080800000, 0x0000000080800000|100%| O|  |TAMS 0x0000000080700000| PB 0x0000000080700000| Untracked 
|   8|0x0000000080800000, 0x0000000080900000, 0x0000000080900000|100%| O|  |TAMS 0x0000000080800000| PB 0x0000000080800000| Untracked 
|   9|0x0000000080900000, 0x0000000080a00000, 0x0000000080a00000|100%| O|  |TAMS 0x0000000080900000| PB 0x0000000080900000| Untracked 
|  10|0x0000000080a00000, 0x0000000080b00000, 0x0000000080b00000|100%| O|  |TAMS 0x0000000080a00000| PB 0x0000000080a00000| Untracked 
|  11|0x0000000080b00000, 0x0000000080c00000, 0x0000000080c00000|100%|HS|  |TAMS 0x0000000080b00000| PB 0x0000000080b00000| Complete 
|  12|0x0000000080c00000, 0x0000000080d00000, 0x0000000080d00000|100%| O|  |TAMS 0x0000000080c00000| PB 0x0000000080c00000| Untracked 
|  13|0x0000000080d00000, 0x0000000080e00000, 0x0000000080e00000|100%| O|  |TAMS 0x0000000080d00000| PB 0x0000000080d00000| Untracked 
|  14|0x0000000080e00000, 0x0000000080f00000, 0x0000000080f00000|100%| O|  |TAMS 0x0000000080e00000| PB 0x0000000080e00000| Untracked 
|  15|0x0000000080f00000, 0x0000000081000000, 0x0000000081000000|100%| O|  |TAMS 0x0000000080f00000| PB 0x0000000080f00000| Untracked 
|  16|0x0000000081000000, 0x0000000081100000, 0x0000000081100000|100%| O|  |TAMS 0x0000000081000000| PB 0x0000000081000000| Untracked 
|  17|0x0000000081100000, 0x0000000081200000, 0x0000000081200000|100%| O|  |TAMS 0x0000000081100000| PB 0x0000000081100000| Untracked 
|  18|0x0000000081200000, 0x0000000081300000, 0x0000000081300000|100%| O|  |TAMS 0x0000000081200000| PB 0x0000000081200000| Untracked 
|  19|0x0000000081300000, 0x0000000081400000, 0x0000000081400000|100%| O|  |TAMS 0x0000000081300000| PB 0x0000000081300000| Untracked 
|  20|0x0000000081400000, 0x0000000081500000, 0x0000000081500000|100%| O|  |TAMS 0x0000000081400000| PB 0x0000000081400000| Untracked 
|  21|0x0000000081500000, 0x0000000081600000, 0x0000000081600000|100%| O|  |TAMS 0x0000000081500000| PB 0x0000000081500000| Untracked 
|  22|0x0000000081600000, 0x0000000081700000, 0x0000000081700000|100%| O|  |TAMS 0x0000000081600000| PB 0x0000000081600000| Untracked 
|  23|0x0000000081700000, 0x0000000081800000, 0x0000000081800000|100%|HS|  |TAMS 0x0000000081700000| PB 0x0000000081700000| Complete 
|  24|0x0000000081800000, 0x0000000081900000, 0x0000000081900000|100%|HC|  |TAMS 0x0000000081800000| PB 0x0000000081800000| Complete 
|  25|0x0000000081900000, 0x0000000081a00000, 0x0000000081a00000|100%|HC|  |TAMS 0x0000000081900000| PB 0x0000000081900000| Complete 
|  26|0x0000000081a00000, 0x0000000081b00000, 0x0000000081b00000|100%|HC|  |TAMS 0x0000000081a00000| PB 0x0000000081a00000| Complete 
|  27|0x0000000081b00000, 0x0000000081c00000, 0x0000000081c00000|100%|HC|  |TAMS 0x0000000081b00000| PB 0x0000000081b00000| Complete 
|  28|0x0000000081c00000, 0x0000000081d00000, 0x0000000081d00000|100%|HC|  |TAMS 0x0000000081c00000| PB 0x0000000081c00000| Complete 
|  29|0x0000000081d00000, 0x0000000081e00000, 0x0000000081e00000|100%|HS|  |TAMS 0x0000000081d00000| PB 0x0000000081d00000| Complete 
|  30|0x0000000081e00000, 0x0000000081f00000, 0x0000000081f00000|100%|HC|  |TAMS 0x0000000081e00000| PB 0x0000000081e00000| Complete 
|  31|0x0000000081f00000, 0x0000000082000000, 0x0000000082000000|100%|HS|  |TAMS 0x0000000081f00000| PB 0x0000000081f00000| Complete 
|  32|0x0000000082000000, 0x0000000082100000, 0x0000000082100000|100%|HS|  |TAMS 0x0000000082000000| PB 0x0000000082000000| Complete 
|  33|0x0000000082100000, 0x0000000082200000, 0x0000000082200000|100%|HC|  |TAMS 0x0000000082100000| PB 0x0000000082100000| Complete 
|  34|0x0000000082200000, 0x0000000082300000, 0x0000000082300000|100%|HC|  |TAMS 0x0000000082200000| PB 0x0000000082200000| Complete 
|  35|0x0000000082300000, 0x0000000082400000, 0x0000000082400000|100%|HC|  |TAMS 0x0000000082300000| PB 0x0000000082300000| Complete 
|  36|0x0000000082400000, 0x0000000082500000, 0x0000000082500000|100%|HC|  |TAMS 0x0000000082400000| PB 0x0000000082400000| Complete 
|  37|0x0000000082500000, 0x0000000082600000, 0x0000000082600000|100%|HC|  |TAMS 0x0000000082500000| PB 0x0000000082500000| Complete 
|  38|0x0000000082600000, 0x0000000082700000, 0x0000000082700000|100%|HS|  |TAMS 0x0000000082600000| PB 0x0000000082600000| Complete 
|  39|0x0000000082700000, 0x0000000082800000, 0x0000000082800000|100%|HC|  |TAMS 0x0000000082700000| PB 0x0000000082700000| Complete 
|  40|0x0000000082800000, 0x0000000082900000, 0x0000000082900000|100%|HS|  |TAMS 0x0000000082800000| PB 0x0000000082800000| Complete 
|  41|0x0000000082900000, 0x0000000082a00000, 0x0000000082a00000|100%| O|  |TAMS 0x0000000082900000| PB 0x0000000082900000| Untracked 
|  42|0x0000000082a00000, 0x0000000082b00000, 0x0000000082b00000|100%| O|  |TAMS 0x0000000082a00000| PB 0x0000000082a00000| Untracked 
|  43|0x0000000082b00000, 0x0000000082c00000, 0x0000000082c00000|100%| O|  |TAMS 0x0000000082b00000| PB 0x0000000082b00000| Untracked 
|  44|0x0000000082c00000, 0x0000000082d00000, 0x0000000082d00000|100%| O|  |TAMS 0x0000000082c00000| PB 0x0000000082c00000| Untracked 
|  45|0x0000000082d00000, 0x0000000082e00000, 0x0000000082e00000|100%| O|  |TAMS 0x0000000082d00000| PB 0x0000000082d00000| Untracked 
|  46|0x0000000082e00000, 0x0000000082f00000, 0x0000000082f00000|100%| O|  |TAMS 0x0000000082e00000| PB 0x0000000082e00000| Untracked 
|  47|0x0000000082f00000, 0x0000000083000000, 0x0000000083000000|100%| O|  |TAMS 0x0000000082f00000| PB 0x0000000082f00000| Untracked 
|  48|0x0000000083000000, 0x0000000083100000, 0x0000000083100000|100%| O|  |TAMS 0x0000000083000000| PB 0x0000000083000000| Untracked 
|  49|0x0000000083100000, 0x0000000083200000, 0x0000000083200000|100%| O|  |TAMS 0x0000000083100000| PB 0x0000000083100000| Untracked 
|  50|0x0000000083200000, 0x0000000083300000, 0x0000000083300000|100%| O|  |TAMS 0x0000000083200000| PB 0x0000000083200000| Untracked 
|  51|0x0000000083300000, 0x0000000083300000, 0x0000000083400000|  0%| F|  |TAMS 0x0000000083300000| PB 0x0000000083300000| Untracked 
|  52|0x0000000083400000, 0x0000000083500000, 0x0000000083500000|100%|HS|  |TAMS 0x0000000083400000| PB 0x0000000083400000| Complete 
|  53|0x0000000083500000, 0x0000000083600000, 0x0000000083600000|100%|HC|  |TAMS 0x0000000083500000| PB 0x0000000083500000| Complete 
|  54|0x0000000083600000, 0x0000000083700000, 0x0000000083700000|100%| O|  |TAMS 0x0000000083600000| PB 0x0000000083600000| Untracked 
|  55|0x0000000083700000, 0x0000000083800000, 0x0000000083800000|100%| O|  |TAMS 0x0000000083700000| PB 0x0000000083700000| Untracked 
|  56|0x0000000083800000, 0x0000000083900000, 0x0000000083900000|100%| O|  |TAMS 0x0000000083800000| PB 0x0000000083800000| Untracked 
|  57|0x0000000083900000, 0x0000000083a00000, 0x0000000083a00000|100%| O|  |TAMS 0x0000000083900000| PB 0x0000000083900000| Untracked 
|  58|0x0000000083a00000, 0x0000000083b00000, 0x0000000083b00000|100%| O|  |TAMS 0x0000000083a00000| PB 0x0000000083a00000| Untracked 
|  59|0x0000000083b00000, 0x0000000083c00000, 0x0000000083c00000|100%| O|  |TAMS 0x0000000083b00000| PB 0x0000000083b00000| Untracked 
|  60|0x0000000083c00000, 0x0000000083d00000, 0x0000000083d00000|100%| O|  |TAMS 0x0000000083c00000| PB 0x0000000083c00000| Untracked 
|  61|0x0000000083d00000, 0x0000000083e00000, 0x0000000083e00000|100%|HS|  |TAMS 0x0000000083d00000| PB 0x0000000083d00000| Complete 
|  62|0x0000000083e00000, 0x0000000083f00000, 0x0000000083f00000|100%| O|  |TAMS 0x0000000083e00000| PB 0x0000000083e00000| Untracked 
|  63|0x0000000083f00000, 0x0000000084000000, 0x0000000084000000|100%| O|  |TAMS 0x0000000083f00000| PB 0x0000000083f00000| Untracked 
|  64|0x0000000084000000, 0x0000000084100000, 0x0000000084100000|100%| O|  |TAMS 0x0000000084000000| PB 0x0000000084000000| Untracked 
|  65|0x0000000084100000, 0x0000000084100000, 0x0000000084200000|  0%| F|  |TAMS 0x0000000084100000| PB 0x0000000084100000| Untracked 
|  66|0x0000000084200000, 0x0000000084300000, 0x0000000084300000|100%| O|  |TAMS 0x0000000084200000| PB 0x0000000084200000| Untracked 
|  67|0x0000000084300000, 0x0000000084358230, 0x0000000084400000| 34%| O|  |TAMS 0x0000000084300000| PB 0x0000000084300000| Untracked 
|  68|0x0000000084400000, 0x0000000084500000, 0x0000000084500000|100%| O|  |TAMS 0x0000000084400000| PB 0x0000000084400000| Untracked 
|  69|0x0000000084500000, 0x0000000084600000, 0x0000000084600000|100%| O|  |TAMS 0x0000000084500000| PB 0x0000000084500000| Untracked 
|  70|0x0000000084600000, 0x0000000084700000, 0x0000000084700000|100%| O|  |TAMS 0x0000000084600000| PB 0x0000000084600000| Untracked 
|  71|0x0000000084700000, 0x0000000084700000, 0x0000000084800000|  0%| F|  |TAMS 0x0000000084700000| PB 0x0000000084700000| Untracked 
|  72|0x0000000084800000, 0x0000000084800000, 0x0000000084900000|  0%| F|  |TAMS 0x0000000084800000| PB 0x0000000084800000| Untracked 
|  73|0x0000000084900000, 0x0000000084900000, 0x0000000084a00000|  0%| F|  |TAMS 0x0000000084900000| PB 0x0000000084900000| Untracked 
|  74|0x0000000084a00000, 0x0000000084a00000, 0x0000000084b00000|  0%| F|  |TAMS 0x0000000084a00000| PB 0x0000000084a00000| Untracked 
|  75|0x0000000084b00000, 0x0000000084b00000, 0x0000000084c00000|  0%| F|  |TAMS 0x0000000084b00000| PB 0x0000000084b00000| Untracked 
|  76|0x0000000084c00000, 0x0000000084c00000, 0x0000000084d00000|  0%| F|  |TAMS 0x0000000084c00000| PB 0x0000000084c00000| Untracked 
|  77|0x0000000084d00000, 0x0000000084e00000, 0x0000000084e00000|100%| O|  |TAMS 0x0000000084d00000| PB 0x0000000084d00000| Untracked 
|  78|0x0000000084e00000, 0x0000000084e00000, 0x0000000084f00000|  0%| F|  |TAMS 0x0000000084e00000| PB 0x0000000084e00000| Untracked 
|  79|0x0000000084f00000, 0x0000000084f00000, 0x0000000085000000|  0%| F|  |TAMS 0x0000000084f00000| PB 0x0000000084f00000| Untracked 
|  80|0x0000000085000000, 0x0000000085100000, 0x0000000085100000|100%| O|  |TAMS 0x0000000085000000| PB 0x0000000085000000| Untracked 
|  81|0x0000000085100000, 0x0000000085200000, 0x0000000085200000|100%| O|  |TAMS 0x0000000085100000| PB 0x0000000085100000| Untracked 
|  82|0x0000000085200000, 0x0000000085300000, 0x0000000085300000|100%| O|  |TAMS 0x0000000085200000| PB 0x0000000085200000| Untracked 
|  83|0x0000000085300000, 0x0000000085400000, 0x0000000085400000|100%| O|  |TAMS 0x0000000085300000| PB 0x0000000085300000| Untracked 
|  84|0x0000000085400000, 0x0000000085500000, 0x0000000085500000|100%| O|  |TAMS 0x0000000085400000| PB 0x0000000085400000| Untracked 
|  85|0x0000000085500000, 0x0000000085600000, 0x0000000085600000|100%| O|  |TAMS 0x0000000085500000| PB 0x0000000085500000| Untracked 
|  86|0x0000000085600000, 0x0000000085700000, 0x0000000085700000|100%| O|  |TAMS 0x0000000085600000| PB 0x0000000085600000| Untracked 
|  87|0x0000000085700000, 0x0000000085800000, 0x0000000085800000|100%| O|  |TAMS 0x0000000085700000| PB 0x0000000085700000| Untracked 
|  88|0x0000000085800000, 0x0000000085900000, 0x0000000085900000|100%| O|  |TAMS 0x0000000085800000| PB 0x0000000085800000| Untracked 
|  89|0x0000000085900000, 0x0000000085900000, 0x0000000085a00000|  0%| F|  |TAMS 0x0000000085900000| PB 0x0000000085900000| Untracked 
|  90|0x0000000085a00000, 0x0000000085b00000, 0x0000000085b00000|100%| O|  |TAMS 0x0000000085a00000| PB 0x0000000085a00000| Untracked 
|  91|0x0000000085b00000, 0x0000000085c00000, 0x0000000085c00000|100%| O|  |TAMS 0x0000000085b00000| PB 0x0000000085b00000| Untracked 
|  92|0x0000000085c00000, 0x0000000085c00000, 0x0000000085d00000|  0%| F|  |TAMS 0x0000000085c00000| PB 0x0000000085c00000| Untracked 
|  93|0x0000000085d00000, 0x0000000085d00000, 0x0000000085e00000|  0%| F|  |TAMS 0x0000000085d00000| PB 0x0000000085d00000| Untracked 
|  94|0x0000000085e00000, 0x0000000085e00000, 0x0000000085f00000|  0%| F|  |TAMS 0x0000000085e00000| PB 0x0000000085e00000| Untracked 
|  95|0x0000000085f00000, 0x0000000085f00000, 0x0000000086000000|  0%| F|  |TAMS 0x0000000085f00000| PB 0x0000000085f00000| Untracked 
|  96|0x0000000086000000, 0x0000000086100000, 0x0000000086100000|100%| O|  |TAMS 0x0000000086000000| PB 0x0000000086000000| Untracked 
|  97|0x0000000086100000, 0x0000000086100000, 0x0000000086200000|  0%| F|  |TAMS 0x0000000086100000| PB 0x0000000086100000| Untracked 
|  98|0x0000000086200000, 0x0000000086300000, 0x0000000086300000|100%| O|  |TAMS 0x0000000086200000| PB 0x0000000086200000| Untracked 
|  99|0x0000000086300000, 0x0000000086400000, 0x0000000086400000|100%| O|  |TAMS 0x0000000086300000| PB 0x0000000086300000| Untracked 
| 100|0x0000000086400000, 0x0000000086400000, 0x0000000086500000|  0%| F|  |TAMS 0x0000000086400000| PB 0x0000000086400000| Untracked 
| 101|0x0000000086500000, 0x0000000086600000, 0x0000000086600000|100%| O|  |TAMS 0x0000000086500000| PB 0x0000000086500000| Untracked 
| 102|0x0000000086600000, 0x0000000086600000, 0x0000000086700000|  0%| F|  |TAMS 0x0000000086600000| PB 0x0000000086600000| Untracked 
| 103|0x0000000086700000, 0x0000000086700000, 0x0000000086800000|  0%| F|  |TAMS 0x0000000086700000| PB 0x0000000086700000| Untracked 
| 104|0x0000000086800000, 0x0000000086800000, 0x0000000086900000|  0%| F|  |TAMS 0x0000000086800000| PB 0x0000000086800000| Untracked 
| 105|0x0000000086900000, 0x0000000086900000, 0x0000000086a00000|  0%| F|  |TAMS 0x0000000086900000| PB 0x0000000086900000| Untracked 
| 106|0x0000000086a00000, 0x0000000086a00000, 0x0000000086b00000|  0%| F|  |TAMS 0x0000000086a00000| PB 0x0000000086a00000| Untracked 
| 107|0x0000000086b00000, 0x0000000086c00000, 0x0000000086c00000|100%| O|  |TAMS 0x0000000086b00000| PB 0x0000000086b00000| Untracked 
| 108|0x0000000086c00000, 0x0000000086c00000, 0x0000000086d00000|  0%| F|  |TAMS 0x0000000086c00000| PB 0x0000000086c00000| Untracked 
| 109|0x0000000086d00000, 0x0000000086d00000, 0x0000000086e00000|  0%| F|  |TAMS 0x0000000086d00000| PB 0x0000000086d00000| Untracked 
| 110|0x0000000086e00000, 0x0000000086f00000, 0x0000000086f00000|100%| O|  |TAMS 0x0000000086e00000| PB 0x0000000086e00000| Untracked 
| 111|0x0000000086f00000, 0x0000000087000000, 0x0000000087000000|100%| O|  |TAMS 0x0000000086f00000| PB 0x0000000086f00000| Untracked 
| 112|0x0000000087000000, 0x0000000087000000, 0x0000000087100000|  0%| F|  |TAMS 0x0000000087000000| PB 0x0000000087000000| Untracked 
| 113|0x0000000087100000, 0x0000000087200000, 0x0000000087200000|100%| O|  |TAMS 0x0000000087100000| PB 0x0000000087100000| Untracked 
| 114|0x0000000087200000, 0x0000000087300000, 0x0000000087300000|100%| O|  |TAMS 0x0000000087200000| PB 0x0000000087200000| Untracked 
| 115|0x0000000087300000, 0x0000000087400000, 0x0000000087400000|100%| O|  |TAMS 0x0000000087300000| PB 0x0000000087300000| Untracked 
| 116|0x0000000087400000, 0x0000000087500000, 0x0000000087500000|100%| O|  |TAMS 0x0000000087400000| PB 0x0000000087400000| Untracked 
| 117|0x0000000087500000, 0x0000000087600000, 0x0000000087600000|100%| O|  |TAMS 0x0000000087500000| PB 0x0000000087500000| Untracked 
| 118|0x0000000087600000, 0x0000000087700000, 0x0000000087700000|100%| O|  |TAMS 0x0000000087600000| PB 0x0000000087600000| Untracked 
| 119|0x0000000087700000, 0x0000000087700000, 0x0000000087800000|  0%| F|  |TAMS 0x0000000087700000| PB 0x0000000087700000| Untracked 
| 120|0x0000000087800000, 0x0000000087800000, 0x0000000087900000|  0%| F|  |TAMS 0x0000000087800000| PB 0x0000000087800000| Untracked 
| 121|0x0000000087900000, 0x0000000087a00000, 0x0000000087a00000|100%| O|  |TAMS 0x0000000087900000| PB 0x0000000087900000| Untracked 
| 122|0x0000000087a00000, 0x0000000087b00000, 0x0000000087b00000|100%| O|  |TAMS 0x0000000087a00000| PB 0x0000000087a00000| Untracked 
| 123|0x0000000087b00000, 0x0000000087c00000, 0x0000000087c00000|100%| O|  |TAMS 0x0000000087b00000| PB 0x0000000087b00000| Untracked 
| 124|0x0000000087c00000, 0x0000000087d00000, 0x0000000087d00000|100%| O|  |TAMS 0x0000000087c00000| PB 0x0000000087c00000| Untracked 
| 125|0x0000000087d00000, 0x0000000087e00000, 0x0000000087e00000|100%| O|  |TAMS 0x0000000087d00000| PB 0x0000000087d00000| Untracked 
| 126|0x0000000087e00000, 0x0000000087f00000, 0x0000000087f00000|100%| O|  |TAMS 0x0000000087e00000| PB 0x0000000087e00000| Untracked 
| 127|0x0000000087f00000, 0x0000000088000000, 0x0000000088000000|100%| O|  |TAMS 0x0000000087f00000| PB 0x0000000087f00000| Untracked 
| 128|0x0000000088000000, 0x0000000088100000, 0x0000000088100000|100%| O|  |TAMS 0x0000000088000000| PB 0x0000000088000000| Untracked 
| 129|0x0000000088100000, 0x0000000088200000, 0x0000000088200000|100%| O|  |TAMS 0x0000000088100000| PB 0x0000000088100000| Untracked 
| 130|0x0000000088200000, 0x0000000088300000, 0x0000000088300000|100%| O|  |TAMS 0x0000000088200000| PB 0x0000000088200000| Untracked 
| 131|0x0000000088300000, 0x0000000088400000, 0x0000000088400000|100%| O|  |TAMS 0x0000000088300000| PB 0x0000000088300000| Untracked 
| 132|0x0000000088400000, 0x0000000088500000, 0x0000000088500000|100%| O|  |TAMS 0x0000000088400000| PB 0x0000000088400000| Untracked 
| 133|0x0000000088500000, 0x0000000088600000, 0x0000000088600000|100%|HS|  |TAMS 0x0000000088500000| PB 0x0000000088500000| Complete 
| 134|0x0000000088600000, 0x0000000088700000, 0x0000000088700000|100%| O|  |TAMS 0x0000000088600000| PB 0x0000000088600000| Untracked 
| 135|0x0000000088700000, 0x0000000088800000, 0x0000000088800000|100%| O|  |TAMS 0x0000000088700000| PB 0x0000000088700000| Untracked 
| 136|0x0000000088800000, 0x0000000088900000, 0x0000000088900000|100%| O|  |TAMS 0x0000000088800000| PB 0x0000000088800000| Untracked 
| 137|0x0000000088900000, 0x0000000088a00000, 0x0000000088a00000|100%| O|  |TAMS 0x0000000088900000| PB 0x0000000088900000| Untracked 
| 138|0x0000000088a00000, 0x0000000088b00000, 0x0000000088b00000|100%| O|  |TAMS 0x0000000088a00000| PB 0x0000000088a00000| Untracked 
| 139|0x0000000088b00000, 0x0000000088c00000, 0x0000000088c00000|100%| O|  |TAMS 0x0000000088b00000| PB 0x0000000088b00000| Untracked 
| 140|0x0000000088c00000, 0x0000000088d00000, 0x0000000088d00000|100%| O|  |TAMS 0x0000000088c00000| PB 0x0000000088c00000| Untracked 
| 141|0x0000000088d00000, 0x0000000088e00000, 0x0000000088e00000|100%| O|  |TAMS 0x0000000088d00000| PB 0x0000000088d00000| Untracked 
| 142|0x0000000088e00000, 0x0000000088f00000, 0x0000000088f00000|100%| O|  |TAMS 0x0000000088e00000| PB 0x0000000088e00000| Untracked 
| 143|0x0000000088f00000, 0x0000000089000000, 0x0000000089000000|100%| O|  |TAMS 0x0000000088f00000| PB 0x0000000088f00000| Untracked 
| 144|0x0000000089000000, 0x0000000089100000, 0x0000000089100000|100%| O|  |TAMS 0x0000000089000000| PB 0x0000000089000000| Untracked 
| 145|0x0000000089100000, 0x0000000089200000, 0x0000000089200000|100%| O|  |TAMS 0x0000000089100000| PB 0x0000000089100000| Untracked 
| 146|0x0000000089200000, 0x0000000089300000, 0x0000000089300000|100%| O|  |TAMS 0x0000000089200000| PB 0x0000000089200000| Untracked 
| 147|0x0000000089300000, 0x0000000089400000, 0x0000000089400000|100%| O|  |TAMS 0x0000000089300000| PB 0x0000000089300000| Untracked 
| 148|0x0000000089400000, 0x0000000089500000, 0x0000000089500000|100%| O|  |TAMS 0x0000000089400000| PB 0x0000000089400000| Untracked 
| 149|0x0000000089500000, 0x0000000089600000, 0x0000000089600000|100%| O|  |TAMS 0x0000000089500000| PB 0x0000000089500000| Untracked 
| 150|0x0000000089600000, 0x0000000089700000, 0x0000000089700000|100%| O|  |TAMS 0x0000000089600000| PB 0x0000000089600000| Untracked 
| 151|0x0000000089700000, 0x0000000089800000, 0x0000000089800000|100%| O|  |TAMS 0x0000000089700000| PB 0x0000000089700000| Untracked 
| 152|0x0000000089800000, 0x0000000089900000, 0x0000000089900000|100%| O|  |TAMS 0x0000000089800000| PB 0x0000000089800000| Untracked 
| 153|0x0000000089900000, 0x0000000089a00000, 0x0000000089a00000|100%| O|  |TAMS 0x0000000089900000| PB 0x0000000089900000| Untracked 
| 154|0x0000000089a00000, 0x0000000089b00000, 0x0000000089b00000|100%| O|  |TAMS 0x0000000089a00000| PB 0x0000000089a00000| Untracked 
| 155|0x0000000089b00000, 0x0000000089c00000, 0x0000000089c00000|100%| O|  |TAMS 0x0000000089b00000| PB 0x0000000089b00000| Untracked 
| 156|0x0000000089c00000, 0x0000000089d00000, 0x0000000089d00000|100%| O|  |TAMS 0x0000000089c00000| PB 0x0000000089c00000| Untracked 
| 157|0x0000000089d00000, 0x0000000089e00000, 0x0000000089e00000|100%| O|  |TAMS 0x0000000089d00000| PB 0x0000000089d00000| Untracked 
| 158|0x0000000089e00000, 0x0000000089f00000, 0x0000000089f00000|100%| O|  |TAMS 0x0000000089e00000| PB 0x0000000089e00000| Untracked 
| 159|0x0000000089f00000, 0x000000008a000000, 0x000000008a000000|100%| O|  |TAMS 0x0000000089f00000| PB 0x0000000089f00000| Untracked 
| 160|0x000000008a000000, 0x000000008a100000, 0x000000008a100000|100%| O|  |TAMS 0x000000008a000000| PB 0x000000008a000000| Untracked 
| 161|0x000000008a100000, 0x000000008a200000, 0x000000008a200000|100%| O|  |TAMS 0x000000008a100000| PB 0x000000008a100000| Untracked 
| 162|0x000000008a200000, 0x000000008a300000, 0x000000008a300000|100%| O|  |TAMS 0x000000008a200000| PB 0x000000008a200000| Untracked 
| 163|0x000000008a300000, 0x000000008a400000, 0x000000008a400000|100%| O|  |TAMS 0x000000008a300000| PB 0x000000008a300000| Untracked 
| 164|0x000000008a400000, 0x000000008a500000, 0x000000008a500000|100%|HS|  |TAMS 0x000000008a400000| PB 0x000000008a400000| Complete 
| 165|0x000000008a500000, 0x000000008a600000, 0x000000008a600000|100%|HS|  |TAMS 0x000000008a500000| PB 0x000000008a500000| Complete 
| 166|0x000000008a600000, 0x000000008a700000, 0x000000008a700000|100%|HS|  |TAMS 0x000000008a600000| PB 0x000000008a600000| Complete 
| 167|0x000000008a700000, 0x000000008a800000, 0x000000008a800000|100%|HC|  |TAMS 0x000000008a700000| PB 0x000000008a700000| Complete 
| 168|0x000000008a800000, 0x000000008a800000, 0x000000008a900000|  0%| F|  |TAMS 0x000000008a800000| PB 0x000000008a800000| Untracked 
| 169|0x000000008a900000, 0x000000008a9a1578, 0x000000008aa00000| 63%| S|CS|TAMS 0x000000008a900000| PB 0x000000008a900000| Complete 
| 170|0x000000008aa00000, 0x000000008ab00000, 0x000000008ab00000|100%| S|CS|TAMS 0x000000008aa00000| PB 0x000000008aa00000| Complete 
| 171|0x000000008ab00000, 0x000000008ac00000, 0x000000008ac00000|100%| S|CS|TAMS 0x000000008ab00000| PB 0x000000008ab00000| Complete 
| 172|0x000000008ac00000, 0x000000008ad00000, 0x000000008ad00000|100%| S|CS|TAMS 0x000000008ac00000| PB 0x000000008ac00000| Complete 
| 173|0x000000008ad00000, 0x000000008ae00000, 0x000000008ae00000|100%| S|CS|TAMS 0x000000008ad00000| PB 0x000000008ad00000| Complete 
| 174|0x000000008ae00000, 0x000000008af00000, 0x000000008af00000|100%| S|CS|TAMS 0x000000008ae00000| PB 0x000000008ae00000| Complete 
| 175|0x000000008af00000, 0x000000008b000000, 0x000000008b000000|100%| S|CS|TAMS 0x000000008af00000| PB 0x000000008af00000| Complete 
| 176|0x000000008b000000, 0x000000008b100000, 0x000000008b100000|100%| S|CS|TAMS 0x000000008b000000| PB 0x000000008b000000| Complete 
| 177|0x000000008b100000, 0x000000008b100000, 0x000000008b200000|  0%| F|  |TAMS 0x000000008b100000| PB 0x000000008b100000| Untracked 
| 178|0x000000008b200000, 0x000000008b200000, 0x000000008b300000|  0%| F|  |TAMS 0x000000008b200000| PB 0x000000008b200000| Untracked 
| 179|0x000000008b300000, 0x000000008b300000, 0x000000008b400000|  0%| F|  |TAMS 0x000000008b300000| PB 0x000000008b300000| Untracked 
| 180|0x000000008b400000, 0x000000008b400000, 0x000000008b500000|  0%| F|  |TAMS 0x000000008b400000| PB 0x000000008b400000| Untracked 
| 181|0x000000008b500000, 0x000000008b500000, 0x000000008b600000|  0%| F|  |TAMS 0x000000008b500000| PB 0x000000008b500000| Untracked 
| 182|0x000000008b600000, 0x000000008b600000, 0x000000008b700000|  0%| F|  |TAMS 0x000000008b600000| PB 0x000000008b600000| Untracked 
| 183|0x000000008b700000, 0x000000008b700000, 0x000000008b800000|  0%| F|  |TAMS 0x000000008b700000| PB 0x000000008b700000| Untracked 
| 184|0x000000008b800000, 0x000000008b800000, 0x000000008b900000|  0%| F|  |TAMS 0x000000008b800000| PB 0x000000008b800000| Untracked 
| 185|0x000000008b900000, 0x000000008b900000, 0x000000008ba00000|  0%| F|  |TAMS 0x000000008b900000| PB 0x000000008b900000| Untracked 
| 186|0x000000008ba00000, 0x000000008ba00000, 0x000000008bb00000|  0%| F|  |TAMS 0x000000008ba00000| PB 0x000000008ba00000| Untracked 
| 187|0x000000008bb00000, 0x000000008bb00000, 0x000000008bc00000|  0%| F|  |TAMS 0x000000008bb00000| PB 0x000000008bb00000| Untracked 
| 188|0x000000008bc00000, 0x000000008bc00000, 0x000000008bd00000|  0%| F|  |TAMS 0x000000008bc00000| PB 0x000000008bc00000| Untracked 
| 189|0x000000008bd00000, 0x000000008bd00000, 0x000000008be00000|  0%| F|  |TAMS 0x000000008bd00000| PB 0x000000008bd00000| Untracked 
| 190|0x000000008be00000, 0x000000008be00000, 0x000000008bf00000|  0%| F|  |TAMS 0x000000008be00000| PB 0x000000008be00000| Untracked 
| 191|0x000000008bf00000, 0x000000008bf00000, 0x000000008c000000|  0%| F|  |TAMS 0x000000008bf00000| PB 0x000000008bf00000| Untracked 
| 192|0x000000008c000000, 0x000000008c000000, 0x000000008c100000|  0%| F|  |TAMS 0x000000008c000000| PB 0x000000008c000000| Untracked 
| 193|0x000000008c100000, 0x000000008c100000, 0x000000008c200000|  0%| F|  |TAMS 0x000000008c100000| PB 0x000000008c100000| Untracked 
| 194|0x000000008c200000, 0x000000008c200000, 0x000000008c300000|  0%| F|  |TAMS 0x000000008c200000| PB 0x000000008c200000| Untracked 
| 195|0x000000008c300000, 0x000000008c300000, 0x000000008c400000|  0%| F|  |TAMS 0x000000008c300000| PB 0x000000008c300000| Untracked 
| 196|0x000000008c400000, 0x000000008c400000, 0x000000008c500000|  0%| F|  |TAMS 0x000000008c400000| PB 0x000000008c400000| Untracked 
| 197|0x000000008c500000, 0x000000008c500000, 0x000000008c600000|  0%| F|  |TAMS 0x000000008c500000| PB 0x000000008c500000| Untracked 
| 198|0x000000008c600000, 0x000000008c600000, 0x000000008c700000|  0%| F|  |TAMS 0x000000008c600000| PB 0x000000008c600000| Untracked 
| 199|0x000000008c700000, 0x000000008c700000, 0x000000008c800000|  0%| F|  |TAMS 0x000000008c700000| PB 0x000000008c700000| Untracked 
| 200|0x000000008c800000, 0x000000008c800000, 0x000000008c900000|  0%| F|  |TAMS 0x000000008c800000| PB 0x000000008c800000| Untracked 
| 201|0x000000008c900000, 0x000000008c900000, 0x000000008ca00000|  0%| F|  |TAMS 0x000000008c900000| PB 0x000000008c900000| Untracked 
| 202|0x000000008ca00000, 0x000000008ca00000, 0x000000008cb00000|  0%| F|  |TAMS 0x000000008ca00000| PB 0x000000008ca00000| Untracked 
| 203|0x000000008cb00000, 0x000000008cb00000, 0x000000008cc00000|  0%| F|  |TAMS 0x000000008cb00000| PB 0x000000008cb00000| Untracked 
| 204|0x000000008cc00000, 0x000000008cc00000, 0x000000008cd00000|  0%| F|  |TAMS 0x000000008cc00000| PB 0x000000008cc00000| Untracked 
| 205|0x000000008cd00000, 0x000000008cd00000, 0x000000008ce00000|  0%| F|  |TAMS 0x000000008cd00000| PB 0x000000008cd00000| Untracked 
| 206|0x000000008ce00000, 0x000000008ce00000, 0x000000008cf00000|  0%| F|  |TAMS 0x000000008ce00000| PB 0x000000008ce00000| Untracked 
| 207|0x000000008cf00000, 0x000000008cf00000, 0x000000008d000000|  0%| F|  |TAMS 0x000000008cf00000| PB 0x000000008cf00000| Untracked 
| 208|0x000000008d000000, 0x000000008d000000, 0x000000008d100000|  0%| F|  |TAMS 0x000000008d000000| PB 0x000000008d000000| Untracked 
| 209|0x000000008d100000, 0x000000008d100000, 0x000000008d200000|  0%| F|  |TAMS 0x000000008d100000| PB 0x000000008d100000| Untracked 
| 210|0x000000008d200000, 0x000000008d200000, 0x000000008d300000|  0%| F|  |TAMS 0x000000008d200000| PB 0x000000008d200000| Untracked 
| 211|0x000000008d300000, 0x000000008d300000, 0x000000008d400000|  0%| F|  |TAMS 0x000000008d300000| PB 0x000000008d300000| Untracked 
| 212|0x000000008d400000, 0x000000008d400000, 0x000000008d500000|  0%| F|  |TAMS 0x000000008d400000| PB 0x000000008d400000| Untracked 
| 213|0x000000008d500000, 0x000000008d500000, 0x000000008d600000|  0%| F|  |TAMS 0x000000008d500000| PB 0x000000008d500000| Untracked 
| 214|0x000000008d600000, 0x000000008d600000, 0x000000008d700000|  0%| F|  |TAMS 0x000000008d600000| PB 0x000000008d600000| Untracked 
| 215|0x000000008d700000, 0x000000008d700000, 0x000000008d800000|  0%| F|  |TAMS 0x000000008d700000| PB 0x000000008d700000| Untracked 
| 216|0x000000008d800000, 0x000000008d800000, 0x000000008d900000|  0%| F|  |TAMS 0x000000008d800000| PB 0x000000008d800000| Untracked 
| 217|0x000000008d900000, 0x000000008d900000, 0x000000008da00000|  0%| F|  |TAMS 0x000000008d900000| PB 0x000000008d900000| Untracked 
| 218|0x000000008da00000, 0x000000008da00000, 0x000000008db00000|  0%| F|  |TAMS 0x000000008da00000| PB 0x000000008da00000| Untracked 
| 219|0x000000008db00000, 0x000000008db00000, 0x000000008dc00000|  0%| F|  |TAMS 0x000000008db00000| PB 0x000000008db00000| Untracked 
| 220|0x000000008dc00000, 0x000000008dc00000, 0x000000008dd00000|  0%| F|  |TAMS 0x000000008dc00000| PB 0x000000008dc00000| Untracked 
| 221|0x000000008dd00000, 0x000000008dd00000, 0x000000008de00000|  0%| F|  |TAMS 0x000000008dd00000| PB 0x000000008dd00000| Untracked 
| 222|0x000000008de00000, 0x000000008de00000, 0x000000008df00000|  0%| F|  |TAMS 0x000000008de00000| PB 0x000000008de00000| Untracked 
| 223|0x000000008df00000, 0x000000008df00000, 0x000000008e000000|  0%| F|  |TAMS 0x000000008df00000| PB 0x000000008df00000| Untracked 
| 224|0x000000008e000000, 0x000000008e000000, 0x000000008e100000|  0%| F|  |TAMS 0x000000008e000000| PB 0x000000008e000000| Untracked 
| 225|0x000000008e100000, 0x000000008e100000, 0x000000008e200000|  0%| F|  |TAMS 0x000000008e100000| PB 0x000000008e100000| Untracked 
| 226|0x000000008e200000, 0x000000008e200000, 0x000000008e300000|  0%| F|  |TAMS 0x000000008e200000| PB 0x000000008e200000| Untracked 
| 227|0x000000008e300000, 0x000000008e300000, 0x000000008e400000|  0%| F|  |TAMS 0x000000008e300000| PB 0x000000008e300000| Untracked 
| 228|0x000000008e400000, 0x000000008e400000, 0x000000008e500000|  0%| F|  |TAMS 0x000000008e400000| PB 0x000000008e400000| Untracked 
| 229|0x000000008e500000, 0x000000008e500000, 0x000000008e600000|  0%| F|  |TAMS 0x000000008e500000| PB 0x000000008e500000| Untracked 
| 230|0x000000008e600000, 0x000000008e600000, 0x000000008e700000|  0%| F|  |TAMS 0x000000008e600000| PB 0x000000008e600000| Untracked 
| 231|0x000000008e700000, 0x000000008e700000, 0x000000008e800000|  0%| F|  |TAMS 0x000000008e700000| PB 0x000000008e700000| Untracked 
| 232|0x000000008e800000, 0x000000008e800000, 0x000000008e900000|  0%| F|  |TAMS 0x000000008e800000| PB 0x000000008e800000| Untracked 
| 233|0x000000008e900000, 0x000000008e900000, 0x000000008ea00000|  0%| F|  |TAMS 0x000000008e900000| PB 0x000000008e900000| Untracked 
| 234|0x000000008ea00000, 0x000000008ea00000, 0x000000008eb00000|  0%| F|  |TAMS 0x000000008ea00000| PB 0x000000008ea00000| Untracked 
| 235|0x000000008eb00000, 0x000000008eb00000, 0x000000008ec00000|  0%| F|  |TAMS 0x000000008eb00000| PB 0x000000008eb00000| Untracked 
| 236|0x000000008ec00000, 0x000000008ec00000, 0x000000008ed00000|  0%| F|  |TAMS 0x000000008ec00000| PB 0x000000008ec00000| Untracked 
| 237|0x000000008ed00000, 0x000000008ed00000, 0x000000008ee00000|  0%| F|  |TAMS 0x000000008ed00000| PB 0x000000008ed00000| Untracked 
| 238|0x000000008ee00000, 0x000000008ee00000, 0x000000008ef00000|  0%| F|  |TAMS 0x000000008ee00000| PB 0x000000008ee00000| Untracked 
| 239|0x000000008ef00000, 0x000000008ef00000, 0x000000008f000000|  0%| F|  |TAMS 0x000000008ef00000| PB 0x000000008ef00000| Untracked 
| 240|0x000000008f000000, 0x000000008f000000, 0x000000008f100000|  0%| F|  |TAMS 0x000000008f000000| PB 0x000000008f000000| Untracked 
| 241|0x000000008f100000, 0x000000008f100000, 0x000000008f200000|  0%| F|  |TAMS 0x000000008f100000| PB 0x000000008f100000| Untracked 
| 242|0x000000008f200000, 0x000000008f200000, 0x000000008f300000|  0%| F|  |TAMS 0x000000008f200000| PB 0x000000008f200000| Untracked 
| 243|0x000000008f300000, 0x000000008f300000, 0x000000008f400000|  0%| F|  |TAMS 0x000000008f300000| PB 0x000000008f300000| Untracked 
| 244|0x000000008f400000, 0x000000008f400000, 0x000000008f500000|  0%| F|  |TAMS 0x000000008f400000| PB 0x000000008f400000| Untracked 
| 245|0x000000008f500000, 0x000000008f500000, 0x000000008f600000|  0%| F|  |TAMS 0x000000008f500000| PB 0x000000008f500000| Untracked 
| 246|0x000000008f600000, 0x000000008f600000, 0x000000008f700000|  0%| F|  |TAMS 0x000000008f600000| PB 0x000000008f600000| Untracked 
| 247|0x000000008f700000, 0x000000008f700000, 0x000000008f800000|  0%| F|  |TAMS 0x000000008f700000| PB 0x000000008f700000| Untracked 
| 248|0x000000008f800000, 0x000000008f800000, 0x000000008f900000|  0%| F|  |TAMS 0x000000008f800000| PB 0x000000008f800000| Untracked 
| 249|0x000000008f900000, 0x000000008f900000, 0x000000008fa00000|  0%| F|  |TAMS 0x000000008f900000| PB 0x000000008f900000| Untracked 
| 250|0x000000008fa00000, 0x000000008fa00000, 0x000000008fb00000|  0%| F|  |TAMS 0x000000008fa00000| PB 0x000000008fa00000| Untracked 
| 251|0x000000008fb00000, 0x000000008fb00000, 0x000000008fc00000|  0%| F|  |TAMS 0x000000008fb00000| PB 0x000000008fb00000| Untracked 
| 252|0x000000008fc00000, 0x000000008fc00000, 0x000000008fd00000|  0%| F|  |TAMS 0x000000008fc00000| PB 0x000000008fc00000| Untracked 
| 253|0x000000008fd00000, 0x000000008fd00000, 0x000000008fe00000|  0%| F|  |TAMS 0x000000008fd00000| PB 0x000000008fd00000| Untracked 
| 254|0x000000008fe00000, 0x000000008fe00000, 0x000000008ff00000|  0%| F|  |TAMS 0x000000008fe00000| PB 0x000000008fe00000| Untracked 
| 255|0x000000008ff00000, 0x000000008ff00000, 0x0000000090000000|  0%| F|  |TAMS 0x000000008ff00000| PB 0x000000008ff00000| Untracked 
|2030|0x00000000fee00000, 0x00000000fee00000, 0x00000000fef00000|  0%| F|  |TAMS 0x00000000fee00000| PB 0x00000000fee00000| Untracked 
|2031|0x00000000fef00000, 0x00000000ff000000, 0x00000000ff000000|100%| O|  |TAMS 0x00000000fef00000| PB 0x00000000fef00000| Untracked 
|2032|0x00000000ff000000, 0x00000000ff100000, 0x00000000ff100000|100%| O|  |TAMS 0x00000000ff000000| PB 0x00000000ff000000| Untracked 
|2033|0x00000000ff100000, 0x00000000ff200000, 0x00000000ff200000|100%| O|  |TAMS 0x00000000ff100000| PB 0x00000000ff100000| Untracked 
|2034|0x00000000ff200000, 0x00000000ff200000, 0x00000000ff300000|  0%| F|  |TAMS 0x00000000ff200000| PB 0x00000000ff200000| Untracked 
|2035|0x00000000ff300000, 0x00000000ff300000, 0x00000000ff400000|  0%| F|  |TAMS 0x00000000ff300000| PB 0x00000000ff300000| Untracked 
|2036|0x00000000ff400000, 0x00000000ff400000, 0x00000000ff500000|  0%| F|  |TAMS 0x00000000ff400000| PB 0x00000000ff400000| Untracked 
|2037|0x00000000ff500000, 0x00000000ff500000, 0x00000000ff600000|  0%| F|  |TAMS 0x00000000ff500000| PB 0x00000000ff500000| Untracked 
|2038|0x00000000ff600000, 0x00000000ff600000, 0x00000000ff700000|  0%| F|  |TAMS 0x00000000ff600000| PB 0x00000000ff600000| Untracked 
|2039|0x00000000ff700000, 0x00000000ff700000, 0x00000000ff800000|  0%| F|  |TAMS 0x00000000ff700000| PB 0x00000000ff700000| Untracked 
|2040|0x00000000ff800000, 0x00000000ff800000, 0x00000000ff900000|  0%| F|  |TAMS 0x00000000ff800000| PB 0x00000000ff800000| Untracked 
|2041|0x00000000ff900000, 0x00000000ff900000, 0x00000000ffa00000|  0%| F|  |TAMS 0x00000000ff900000| PB 0x00000000ff900000| Untracked 
|2042|0x00000000ffa00000, 0x00000000ffb00000, 0x00000000ffb00000|100%| O|  |TAMS 0x00000000ffa00000| PB 0x00000000ffa00000| Untracked 
|2043|0x00000000ffb00000, 0x00000000ffc00000, 0x00000000ffc00000|100%| O|  |TAMS 0x00000000ffb00000| PB 0x00000000ffb00000| Untracked 
|2044|0x00000000ffc00000, 0x00000000ffd00000, 0x00000000ffd00000|100%| O|  |TAMS 0x00000000ffc00000| PB 0x00000000ffc00000| Untracked 
|2045|0x00000000ffd00000, 0x00000000ffe00000, 0x00000000ffe00000|100%| O|  |TAMS 0x00000000ffd00000| PB 0x00000000ffd00000| Untracked 
|2046|0x00000000ffe00000, 0x00000000fff00000, 0x00000000fff00000|100%| O|  |TAMS 0x00000000ffe00000| PB 0x00000000ffe00000| Untracked 
|2047|0x00000000fff00000, 0x0000000100000000, 0x0000000100000000|100%| O|  |TAMS 0x00000000fff00000| PB 0x00000000fff00000| Untracked 

Card table byte_map: [0x00000205585c0000,0x00000205589c0000] _byte_map_base: 0x00000205581c0000

Marking Bits: (CMBitMap*) 0x0000020545d84b10
 Bits: [0x00000205589c0000, 0x000002055a9c0000)

Polling page: 0x0000020543d00000

Metaspace:

Usage:
  Non-class:    127.40 MB used.
      Class:     19.39 MB used.
       Both:    146.79 MB used.

Virtual space:
  Non-class space:      192.00 MB reserved,     128.44 MB ( 67%) committed,  3 nodes.
      Class space:        1.00 GB reserved,      20.38 MB (  2%) committed,  1 nodes.
             Both:        1.19 GB reserved,     148.81 MB ( 12%) committed. 

Chunk freelists:
   Non-Class:  15.59 MB
       Class:  11.66 MB
        Both:  27.25 MB

MaxMetaspaceSize: unlimited
CompressedClassSpaceSize: 1.00 GB
Initial GC threshold: 21.00 MB
Current GC threshold: 247.81 MB
CDS: off
 - commit_granule_bytes: 65536.
 - commit_granule_words: 8192.
 - virtual_space_node_default_size: 8388608.
 - enlarge_chunks_in_place: 1.
 - use_allocation_guard: 0.


Internal statistics:

num_allocs_failed_limit: 9.
num_arena_births: 3940.
num_arena_deaths: 0.
num_vsnodes_births: 4.
num_vsnodes_deaths: 0.
num_space_committed: 2380.
num_space_uncommitted: 0.
num_chunks_returned_to_freelist: 9.
num_chunks_taken_from_freelist: 9732.
num_chunk_merges: 6.
num_chunk_splits: 6937.
num_chunks_enlarged: 5010.
num_inconsistent_stats: 0.

CodeHeap 'non-profiled nmethods': size=120000Kb used=7095Kb max_used=7135Kb free=112904Kb
 bounds [0x0000020550960000, 0x0000020551060000, 0x0000020557e90000]
CodeHeap 'profiled nmethods': size=120000Kb used=23476Kb max_used=23782Kb free=96524Kb
 bounds [0x0000020548e90000, 0x000002054a5d0000, 0x00000205503c0000]
CodeHeap 'non-nmethods': size=5760Kb used=2490Kb max_used=2568Kb free=3269Kb
 bounds [0x00000205503c0000, 0x0000020550650000, 0x0000020550960000]
CodeCache: size=245760Kb, used=33061Kb, max_used=33485Kb, free=212697Kb
 total_blobs=12762, nmethods=11677, adapters=986, full_count=0
Compilation: enabled, stopped_count=0, restarted_count=0

Compilation events (20 events):
Event: 15.629 Thread 0x000002055d694410 13408       3       org.gradle.internal.classloader.ClassLoaderVisitor::<init> (10 bytes)
Event: 15.629 Thread 0x000002055d694410 nmethod 13408 0x00000205490a8410 code [0x00000205490a85c0, 0x00000205490a8778]
Event: 15.631 Thread 0x000002055d694410 13409       1       org.gradle.internal.snapshot.AbstractListChildMap$1::getChildMap (5 bytes)
Event: 15.632 Thread 0x000002055d694410 nmethod 13409 0x0000020550d2a110 code [0x0000020550d2a2a0, 0x0000020550d2a368]
Event: 15.632 Thread 0x000002055d694410 13410       3       org.gradle.api.internal.artifacts.ivyservice.resolveengine.artifact.ArtifactVisitor::endVisitCollection (1 bytes)
Event: 15.632 Thread 0x000002055d694410 nmethod 13410 0x00000205490a7f10 code [0x00000205490a80a0, 0x00000205490a81a8]
Event: 15.632 Thread 0x000002055d694410 13411       3       org.gradle.internal.classloader.ClassLoaderVisitor::<init> (21 bytes)
Event: 15.633 Thread 0x000002055d694410 nmethod 13411 0x0000020548f23910 code [0x0000020548f23b00, 0x0000020548f23f50]
Event: 15.637 Thread 0x000002055d694410 13412   !   3       org.gradle.internal.hash.DefaultStreamHasher::doHash (84 bytes)
Event: 15.639 Thread 0x000002055d694410 nmethod 13412 0x0000020549b15d10 code [0x0000020549b16100, 0x0000020549b17c18]
Event: 15.639 Thread 0x000002055d694410 13414       3       org.gradle.internal.operations.DefaultBuildOperationProgressEventEmitter::emitIfCurrent (23 bytes)
Event: 15.640 Thread 0x000002055d694410 nmethod 13414 0x0000020549b15390 code [0x0000020549b15580, 0x0000020549b15aa8]
Event: 15.640 Thread 0x000002055d694410 13413       1       com.google.common.cache.RemovalNotification::getCause (5 bytes)
Event: 15.640 Thread 0x000002055d694410 nmethod 13413 0x0000020550d29e10 code [0x0000020550d29fa0, 0x0000020550d2a068]
Event: 15.640 Thread 0x000002055d694410 13415       1       org.gradle.api.internal.changedetection.state.CachingFileHasher$FileInfo::access$300 (5 bytes)
Event: 15.641 Thread 0x000002055d694410 nmethod 13415 0x0000020550d29b10 code [0x0000020550d29ca0, 0x0000020550d29d50]
Event: 15.646 Thread 0x000002055d694410 13417       3       org.gradle.internal.serialize.HashCodeSerializer::write (22 bytes)
Event: 15.646 Thread 0x000002055d694410 nmethod 13417 0x0000020549b14d10 code [0x0000020549b14ee0, 0x0000020549b15250]
Event: 15.646 Thread 0x000002055d694410 13418       3       org.gradle.internal.serialize.AbstractEncoder::writeBytes (9 bytes)
Event: 15.646 Thread 0x000002055d694410 nmethod 13418 0x0000020549b14890 code [0x0000020549b14a40, 0x0000020549b14c18]

GC Heap History (20 events):
Event: 11.463 GC heap after
{Heap after GC invocations=34 (full 0):
 garbage-first heap   total 201728K, used 126832K [0x0000000080000000, 0x0000000100000000)
  region size 1024K, 7 young (7168K), 7 survivors (7168K)
 Metaspace       used 124214K, committed 126144K, reserved 1179648K
  class space    used 16476K, committed 17408K, reserved 1048576K
}
Event: 12.226 GC heap before
{Heap before GC invocations=34 (full 0):
 garbage-first heap   total 201728K, used 183152K [0x0000000080000000, 0x0000000100000000)
  region size 1024K, 62 young (63488K), 7 survivors (7168K)
 Metaspace       used 132507K, committed 134464K, reserved 1179648K
  class space    used 17492K, committed 18432K, reserved 1048576K
}
Event: 12.232 GC heap after
{Heap after GC invocations=35 (full 0):
 garbage-first heap   total 201728K, used 129656K [0x0000000080000000, 0x0000000100000000)
  region size 1024K, 7 young (7168K), 7 survivors (7168K)
 Metaspace       used 132507K, committed 134464K, reserved 1179648K
  class space    used 17492K, committed 18432K, reserved 1048576K
}
Event: 12.786 GC heap before
{Heap before GC invocations=36 (full 0):
 garbage-first heap   total 217088K, used 184952K [0x0000000080000000, 0x0000000100000000)
  region size 1024K, 62 young (63488K), 7 survivors (7168K)
 Metaspace       used 139855K, committed 141760K, reserved 1179648K
  class space    used 18443K, committed 19328K, reserved 1048576K
}
Event: 12.795 GC heap after
{Heap after GC invocations=37 (full 0):
 garbage-first heap   total 217088K, used 136052K [0x0000000080000000, 0x0000000100000000)
  region size 1024K, 8 young (8192K), 8 survivors (8192K)
 Metaspace       used 139855K, committed 141760K, reserved 1179648K
  class space    used 18443K, committed 19328K, reserved 1048576K
}
Event: 13.793 GC heap before
{Heap before GC invocations=37 (full 0):
 garbage-first heap   total 217088K, used 199540K [0x0000000080000000, 0x0000000100000000)
  region size 1024K, 70 young (71680K), 8 survivors (8192K)
 Metaspace       used 147083K, committed 149120K, reserved 1179648K
  class space    used 19494K, committed 20480K, reserved 1048576K
}
Event: 13.800 GC heap after
{Heap after GC invocations=38 (full 0):
 garbage-first heap   total 217088K, used 138792K [0x0000000080000000, 0x0000000100000000)
  region size 1024K, 4 young (4096K), 4 survivors (4096K)
 Metaspace       used 147083K, committed 149120K, reserved 1179648K
  class space    used 19494K, committed 20480K, reserved 1048576K
}
Event: 14.096 GC heap before
{Heap before GC invocations=38 (full 0):
 garbage-first heap   total 217088K, used 198184K [0x0000000080000000, 0x0000000100000000)
  region size 1024K, 63 young (64512K), 4 survivors (4096K)
 Metaspace       used 148184K, committed 150336K, reserved 1179648K
  class space    used 19655K, committed 20672K, reserved 1048576K
}
Event: 14.107 GC heap after
{Heap after GC invocations=39 (full 0):
 garbage-first heap   total 221184K, used 155648K [0x0000000080000000, 0x0000000100000000)
  region size 1024K, 8 young (8192K), 8 survivors (8192K)
 Metaspace       used 148184K, committed 150336K, reserved 1179648K
  class space    used 19655K, committed 20672K, reserved 1048576K
}
Event: 14.276 GC heap before
{Heap before GC invocations=39 (full 0):
 garbage-first heap   total 221184K, used 181248K [0x0000000080000000, 0x0000000100000000)
  region size 1024K, 34 young (34816K), 8 survivors (8192K)
 Metaspace       used 148393K, committed 150528K, reserved 1179648K
  class space    used 19662K, committed 20672K, reserved 1048576K
}
Event: 14.288 GC heap after
{Heap after GC invocations=40 (full 0):
 garbage-first heap   total 266240K, used 164385K [0x0000000080000000, 0x0000000100000000)
  region size 1024K, 6 young (6144K), 6 survivors (6144K)
 Metaspace       used 148393K, committed 150528K, reserved 1179648K
  class space    used 19662K, committed 20672K, reserved 1048576K
}
Event: 14.981 GC heap before
{Heap before GC invocations=40 (full 0):
 garbage-first heap   total 266240K, used 229921K [0x0000000080000000, 0x0000000100000000)
  region size 1024K, 69 young (70656K), 6 survivors (6144K)
 Metaspace       used 149870K, committed 151936K, reserved 1245184K
  class space    used 19810K, committed 20800K, reserved 1048576K
}
Event: 14.992 GC heap after
{Heap after GC invocations=41 (full 0):
 garbage-first heap   total 266240K, used 182777K [0x0000000080000000, 0x0000000100000000)
  region size 1024K, 9 young (9216K), 9 survivors (9216K)
 Metaspace       used 149870K, committed 151936K, reserved 1245184K
  class space    used 19810K, committed 20800K, reserved 1048576K
}
Event: 15.054 GC heap before
{Heap before GC invocations=41 (full 0):
 garbage-first heap   total 266240K, used 188921K [0x0000000080000000, 0x0000000100000000)
  region size 1024K, 17 young (17408K), 9 survivors (9216K)
 Metaspace       used 150035K, committed 152064K, reserved 1245184K
  class space    used 19830K, committed 20800K, reserved 1048576K
}
Event: 15.061 GC heap after
{Heap after GC invocations=42 (full 0):
 garbage-first heap   total 266240K, used 185864K [0x0000000080000000, 0x0000000100000000)
  region size 1024K, 2 young (2048K), 2 survivors (2048K)
 Metaspace       used 150035K, committed 152064K, reserved 1245184K
  class space    used 19830K, committed 20800K, reserved 1048576K
}
Event: 15.301 GC heap before
{Heap before GC invocations=42 (full 0):
 garbage-first heap   total 280576K, used 218632K [0x0000000080000000, 0x0000000100000000)
  region size 1024K, 52 young (53248K), 2 survivors (2048K)
 Metaspace       used 150240K, committed 152320K, reserved 1245184K
  class space    used 19855K, committed 20864K, reserved 1048576K
}
Event: 15.304 GC heap after
{Heap after GC invocations=43 (full 0):
 garbage-first heap   total 280576K, used 169104K [0x0000000080000000, 0x0000000100000000)
  region size 1024K, 4 young (4096K), 4 survivors (4096K)
 Metaspace       used 150240K, committed 152320K, reserved 1245184K
  class space    used 19855K, committed 20864K, reserved 1048576K
}
Event: 15.477 GC heap before
{Heap before GC invocations=44 (full 0):
 garbage-first heap   total 280576K, used 241808K [0x0000000080000000, 0x0000000100000000)
  region size 1024K, 76 young (77824K), 4 survivors (4096K)
 Metaspace       used 150277K, committed 152320K, reserved 1245184K
  class space    used 19855K, committed 20864K, reserved 1048576K
}
Event: 15.481 GC heap after
{Heap after GC invocations=45 (full 0):
 garbage-first heap   total 280576K, used 172265K [0x0000000080000000, 0x0000000100000000)
  region size 1024K, 6 young (6144K), 6 survivors (6144K)
 Metaspace       used 150277K, committed 152320K, reserved 1245184K
  class space    used 19855K, committed 20864K, reserved 1048576K
}
Event: 15.673 GC heap before
{Heap before GC invocations=45 (full 0):
 garbage-first heap   total 280576K, used 252137K [0x0000000080000000, 0x0000000100000000)
  region size 1024K, 85 young (87040K), 6 survivors (6144K)
 Metaspace       used 150311K, committed 152384K, reserved 1245184K
  class space    used 19855K, committed 20864K, reserved 1048576K
}

Dll operation events (3 events):
Event: 0.009 Loaded shared library C:\Program Files\Android\Android Studio\jbr\bin\java.dll
Event: 0.015 Loaded shared library C:\Program Files\Android\Android Studio\jbr\bin\zip.dll
Event: 0.517 Loaded shared library C:\Program Files\Android\Android Studio\jbr\bin\verify.dll

Deoptimization events (20 events):
Event: 15.377 Thread 0x0000020567cec430 DEOPT PACKING pc=0x00000205490180c1 sp=0x0000003ed39fa860
Event: 15.377 Thread 0x0000020567cec430 DEOPT UNPACKING pc=0x00000205504185e2 sp=0x0000003ed39f9d00 mode 0
Event: 15.438 Thread 0x0000020563fa06b0 Uncommon trap: trap_request=0xffffffd6 fr.pc=0x0000020550d31510 relative=0x0000000000001b30
Event: 15.438 Thread 0x0000020563fa06b0 Uncommon trap: reason=array_check action=maybe_recompile pc=0x0000020550d31510 method=java.util.TimSort.reverseRange([Ljava/lang/Object;II)V @ 27 c2
Event: 15.439 Thread 0x0000020563fa06b0 DEOPT PACKING pc=0x0000020550d31510 sp=0x0000003ed1ef32d0
Event: 15.439 Thread 0x0000020563fa06b0 DEOPT UNPACKING pc=0x0000020550417aa2 sp=0x0000003ed1ef3178 mode 2
Event: 15.439 Thread 0x0000020563fa06b0 Uncommon trap: trap_request=0xffffffd6 fr.pc=0x0000020550d31510 relative=0x0000000000001b30
Event: 15.439 Thread 0x0000020563fa06b0 Uncommon trap: reason=array_check action=maybe_recompile pc=0x0000020550d31510 method=java.util.TimSort.reverseRange([Ljava/lang/Object;II)V @ 27 c2
Event: 15.439 Thread 0x0000020563fa06b0 DEOPT PACKING pc=0x0000020550d31510 sp=0x0000003ed1ef32c0
Event: 15.439 Thread 0x0000020563fa06b0 DEOPT UNPACKING pc=0x0000020550417aa2 sp=0x0000003ed1ef3168 mode 2
Event: 15.484 Thread 0x0000020567cec430 Uncommon trap: trap_request=0xfffffff4 fr.pc=0x0000020550d39324 relative=0x0000000000002124
Event: 15.484 Thread 0x0000020567cec430 Uncommon trap: reason=null_check action=make_not_entrant pc=0x0000020550d39324 method=org.gradle.api.internal.file.archive.impl.FileZipInput$1.computeNext()Lorg/gradle/api/internal/file/archive/ZipEntry; @ 19 c2
Event: 15.484 Thread 0x0000020567cec430 DEOPT PACKING pc=0x0000020550d39324 sp=0x0000003ed39fae20
Event: 15.484 Thread 0x0000020567cec430 DEOPT UNPACKING pc=0x0000020550417aa2 sp=0x0000003ed39fad58 mode 2
Event: 15.514 Thread 0x0000020563f9f300 DEOPT PACKING pc=0x00000205490180c1 sp=0x0000003ed24fe770
Event: 15.514 Thread 0x0000020563f9f300 DEOPT UNPACKING pc=0x00000205504185e2 sp=0x0000003ed24fdc10 mode 0
Event: 15.589 Thread 0x0000020567ced7e0 DEOPT PACKING pc=0x00000205490180c1 sp=0x0000003ed3bfa590
Event: 15.589 Thread 0x0000020567ced7e0 DEOPT UNPACKING pc=0x00000205504185e2 sp=0x0000003ed3bf9a30 mode 0
Event: 15.646 Thread 0x0000020563f9df50 DEOPT PACKING pc=0x00000205490180c1 sp=0x0000003ed22fe620
Event: 15.646 Thread 0x0000020563f9df50 DEOPT UNPACKING pc=0x00000205504185e2 sp=0x0000003ed22fdac0 mode 0

Classes loaded (20 events):
Event: 13.463 Loading class java/lang/invoke/SerializedLambda$1
Event: 13.463 Loading class java/lang/invoke/SerializedLambda$1 done
Event: 13.490 Loading class org/xml/sax/Locator
Event: 13.490 Loading class org/xml/sax/Locator done
Event: 13.491 Loading class org/xml/sax/SAXParseException
Event: 13.491 Loading class org/xml/sax/SAXParseException done
Event: 13.492 Loading class org/xml/sax/Attributes
Event: 13.492 Loading class org/xml/sax/Attributes done
Event: 13.564 Loading class java/util/function/LongUnaryOperator
Event: 13.565 Loading class java/util/function/LongUnaryOperator done
Event: 13.578 Loading class java/util/TreeMap$KeySpliterator
Event: 13.578 Loading class java/util/TreeMap$TreeMapSpliterator
Event: 13.578 Loading class java/util/TreeMap$TreeMapSpliterator done
Event: 13.579 Loading class java/util/TreeMap$KeySpliterator done
Event: 13.817 Loading class java/util/zip/ZipFile$ZipEntryIterator
Event: 13.817 Loading class java/util/zip/ZipFile$ZipEntryIterator done
Event: 13.860 Loading class java/util/concurrent/Executors$DefaultThreadFactory
Event: 13.861 Loading class java/util/concurrent/Executors$DefaultThreadFactory done
Event: 14.951 Loading class java/util/LinkedList$LLSpliterator
Event: 14.951 Loading class java/util/LinkedList$LLSpliterator done

Classes unloaded (0 events):
No events

Classes redefined (0 events):
No events

Internal exceptions (20 events):
Event: 15.611 Thread 0x0000020567cec430 Exception <a 'sun/nio/fs/WindowsException'{0x000000008c310958}> (0x000000008c310958) 
thrown [s\src\hotspot\share\prims\jni.cpp, line 537]
Event: 15.612 Thread 0x0000020567cec430 Exception <a 'sun/nio/fs/WindowsException'{0x000000008c318280}> (0x000000008c318280) 
thrown [s\src\hotspot\share\prims\jni.cpp, line 537]
Event: 15.614 Thread 0x0000020567cec430 Exception <a 'sun/nio/fs/WindowsException'{0x000000008c320c78}> (0x000000008c320c78) 
thrown [s\src\hotspot\share\prims\jni.cpp, line 537]
Event: 15.614 Thread 0x0000020567cec430 Exception <a 'sun/nio/fs/WindowsException'{0x000000008c3215e8}> (0x000000008c3215e8) 
thrown [s\src\hotspot\share\prims\jni.cpp, line 537]
Event: 15.614 Thread 0x0000020567cec430 Exception <a 'sun/nio/fs/WindowsException'{0x000000008c322d40}> (0x000000008c322d40) 
thrown [s\src\hotspot\share\prims\jni.cpp, line 537]
Event: 15.614 Thread 0x0000020567cec430 Exception <a 'sun/nio/fs/WindowsException'{0x000000008c323880}> (0x000000008c323880) 
thrown [s\src\hotspot\share\prims\jni.cpp, line 537]
Event: 15.615 Thread 0x0000020567cec430 Exception <a 'sun/nio/fs/WindowsException'{0x000000008c2f5df8}> (0x000000008c2f5df8) 
thrown [s\src\hotspot\share\prims\jni.cpp, line 537]
Event: 15.621 Thread 0x0000020567cec430 Exception <a 'sun/nio/fs/WindowsException'{0x000000008c2f6c20}> (0x000000008c2f6c20) 
thrown [s\src\hotspot\share\prims\jni.cpp, line 537]
Event: 15.626 Thread 0x0000020567cec430 Exception <a 'sun/nio/fs/WindowsException'{0x000000008bf80790}> (0x000000008bf80790) 
thrown [s\src\hotspot\share\prims\jni.cpp, line 537]
Event: 15.626 Thread 0x0000020567cec430 Exception <a 'sun/nio/fs/WindowsException'{0x000000008bf81890}> (0x000000008bf81890) 
thrown [s\src\hotspot\share\prims\jni.cpp, line 537]
Event: 15.643 Thread 0x0000020567cec430 Exception <a 'sun/nio/fs/WindowsException'{0x000000008be6d5d0}> (0x000000008be6d5d0) 
thrown [s\src\hotspot\share\prims\jni.cpp, line 537]
Event: 15.646 Thread 0x0000020567cec430 Exception <a 'sun/nio/fs/WindowsException'{0x000000008be77c28}> (0x000000008be77c28) 
thrown [s\src\hotspot\share\prims\jni.cpp, line 537]
Event: 15.647 Thread 0x0000020567cec430 Exception <a 'sun/nio/fs/WindowsException'{0x000000008be7b558}> (0x000000008be7b558) 
thrown [s\src\hotspot\share\prims\jni.cpp, line 537]
Event: 15.649 Thread 0x0000020567cec430 Exception <a 'sun/nio/fs/WindowsException'{0x000000008be82e80}> (0x000000008be82e80) 
thrown [s\src\hotspot\share\prims\jni.cpp, line 537]
Event: 15.651 Thread 0x0000020567cec430 Exception <a 'sun/nio/fs/WindowsException'{0x000000008b3ac2e0}> (0x000000008b3ac2e0) 
thrown [s\src\hotspot\share\prims\jni.cpp, line 537]
Event: 15.651 Thread 0x0000020567cec430 Exception <a 'sun/nio/fs/WindowsException'{0x000000008b3acc50}> (0x000000008b3acc50) 
thrown [s\src\hotspot\share\prims\jni.cpp, line 537]
Event: 15.651 Thread 0x0000020567cec430 Exception <a 'sun/nio/fs/WindowsException'{0x000000008b3ae3a8}> (0x000000008b3ae3a8) 
thrown [s\src\hotspot\share\prims\jni.cpp, line 537]
Event: 15.651 Thread 0x0000020567cec430 Exception <a 'sun/nio/fs/WindowsException'{0x000000008b3aeee8}> (0x000000008b3aeee8) 
thrown [s\src\hotspot\share\prims\jni.cpp, line 537]
Event: 15.652 Thread 0x0000020567cec430 Exception <a 'sun/nio/fs/WindowsException'{0x000000008b3b26e0}> (0x000000008b3b26e0) 
thrown [s\src\hotspot\share\prims\jni.cpp, line 537]
Event: 15.653 Thread 0x0000020567cec430 Exception <a 'sun/nio/fs/WindowsException'{0x000000008b3b3508}> (0x000000008b3b3508) 
thrown [s\src\hotspot\share\prims\jni.cpp, line 537]

ZGC Phase Switch (0 events):
No events

VM Operations (20 events):
Event: 14.992 Executing safepoint VM operation: G1CollectForAllocation (G1 Evacuation Pause) done
Event: 15.054 Executing safepoint VM operation: G1TryInitiateConcMark (G1 Humongous Allocation)
Event: 15.061 Executing safepoint VM operation: G1TryInitiateConcMark (G1 Humongous Allocation) done
Event: 15.062 Executing safepoint VM operation: G1TryInitiateConcMark (G1 Humongous Allocation)
Event: 15.062 Executing safepoint VM operation: G1TryInitiateConcMark (G1 Humongous Allocation) done
Event: 15.200 Executing safepoint VM operation: G1PauseRemark
Event: 15.208 Executing safepoint VM operation: G1PauseRemark done
Event: 15.300 Executing safepoint VM operation: G1CollectForAllocation (G1 Evacuation Pause)
Event: 15.300 Executing safepoint VM operation: G1CollectForAllocation (G1 Evacuation Pause) done
Event: 15.300 Executing safepoint VM operation: G1CollectForAllocation (GCLocker Initiated GC)
Event: 15.304 Executing safepoint VM operation: G1CollectForAllocation (GCLocker Initiated GC) done
Event: 15.320 Executing safepoint VM operation: G1PauseCleanup
Event: 15.322 Executing safepoint VM operation: G1PauseCleanup done
Event: 15.477 Executing safepoint VM operation: G1CollectForAllocation (G1 Evacuation Pause)
Event: 15.477 Executing safepoint VM operation: G1CollectForAllocation (G1 Evacuation Pause) done
Event: 15.477 Executing safepoint VM operation: G1CollectForAllocation (GCLocker Initiated GC)
Event: 15.481 Executing safepoint VM operation: G1CollectForAllocation (GCLocker Initiated GC) done
Event: 15.656 Executing safepoint VM operation: G1CollectForAllocation (G1 Evacuation Pause)
Event: 15.673 Executing safepoint VM operation: G1CollectForAllocation (G1 Evacuation Pause) done
Event: 15.673 Executing safepoint VM operation: G1CollectForAllocation (GCLocker Initiated GC)

Memory protections (0 events):
No events

Nmethod flushes (20 events):
Event: 15.206 Thread 0x000002055d5c4b50 flushing  nmethod 0x00000205497fa790
Event: 15.206 Thread 0x000002055d5c4b50 flushing  nmethod 0x000002054998d490
Event: 15.206 Thread 0x000002055d5c4b50 flushing  nmethod 0x0000020549a56490
Event: 15.206 Thread 0x000002055d5c4b50 flushing  nmethod 0x0000020549b94a10
Event: 15.206 Thread 0x000002055d5c4b50 flushing  nmethod 0x0000020549ed8e90
Event: 15.206 Thread 0x000002055d5c4b50 flushing  nmethod 0x0000020549017990
Event: 15.206 Thread 0x000002055d5c4b50 flushing  nmethod 0x000002054927e590
Event: 15.206 Thread 0x000002055d5c4b50 flushing  nmethod 0x0000020549395a90
Event: 15.206 Thread 0x000002055d5c4b50 flushing  nmethod 0x0000020549445690
Event: 15.206 Thread 0x000002055d5c4b50 flushing  nmethod 0x00000205497a1190
Event: 15.206 Thread 0x000002055d5c4b50 flushing  nmethod 0x000002054994cc90
Event: 15.206 Thread 0x000002055d5c4b50 flushing  nmethod 0x0000020549a51790
Event: 15.206 Thread 0x000002055d5c4b50 flushing  nmethod 0x0000020549abfe90
Event: 15.206 Thread 0x000002055d5c4b50 flushing  nmethod 0x0000020549aef610
Event: 15.206 Thread 0x000002055d5c4b50 flushing  nmethod 0x0000020549b75410
Event: 15.206 Thread 0x000002055d5c4b50 flushing  nmethod 0x0000020549c7cb10
Event: 15.206 Thread 0x000002055d5c4b50 flushing  nmethod 0x0000020549c89c90
Event: 15.206 Thread 0x000002055d5c4b50 flushing  nmethod 0x0000020549dddb10
Event: 15.206 Thread 0x000002055d5c4b50 flushing  nmethod 0x0000020549ebfc10
Event: 15.206 Thread 0x000002055d5c4b50 flushing  nmethod 0x0000020549edfc90

Events (20 events):
Event: 7.428 Thread 0x000002055d694410 Thread added: 0x0000020565545fc0
Event: 7.688 Thread 0x000002055d693970 Thread added: 0x0000020562d329b0
Event: 8.047 Thread 0x0000020562d329b0 Thread exited: 0x0000020562d329b0
Event: 8.047 Thread 0x0000020565545fc0 Thread exited: 0x0000020565545fc0
Event: 8.415 Thread 0x000002055d694410 Thread added: 0x0000020566037e80
Event: 8.623 Thread 0x0000020566037e80 Thread exited: 0x0000020566037e80
Event: 8.874 Thread 0x000002055d694410 Thread added: 0x0000020567619cd0
Event: 9.112 Thread 0x0000020567619cd0 Thread exited: 0x0000020567619cd0
Event: 9.147 Thread 0x000002055d694410 Thread added: 0x0000020567619cd0
Event: 9.175 Thread 0x000002055d694410 Thread added: 0x0000020568723ef0
Event: 9.511 Thread 0x0000020568723ef0 Thread exited: 0x0000020568723ef0
Event: 9.706 Thread 0x000002055d693970 Thread added: 0x0000020568723ef0
Event: 10.418 Thread 0x0000020568723ef0 Thread exited: 0x0000020568723ef0
Event: 10.418 Thread 0x0000020567619cd0 Thread exited: 0x0000020567619cd0
Event: 10.675 Thread 0x000002055d694410 Thread added: 0x00000205621ac540
Event: 12.540 Thread 0x00000205621ac540 Thread exited: 0x00000205621ac540
Event: 12.585 Thread 0x000002055d693970 Thread added: 0x00000205621ac540
Event: 12.778 Thread 0x000002055d693970 Thread added: 0x000002057b8f3120
Event: 13.661 Thread 0x0000020563fa06b0 Thread added: 0x0000020564e8d8a0
Event: 13.861 Thread 0x0000020563fa06b0 Thread added: 0x0000020564e8b7d0


Dynamic libraries:
0x00007ff727690000 - 0x00007ff72769a000 	C:\Program Files\Android\Android Studio\jbr\bin\java.exe
0x00007fffb8360000 - 0x00007fffb85c6000 	C:\WINDOWS\SYSTEM32\ntdll.dll
0x00007fffb77c0000 - 0x00007fffb7889000 	C:\WINDOWS\System32\KERNEL32.DLL
0x00007fffb5cd0000 - 0x00007fffb60ca000 	C:\WINDOWS\System32\KERNELBASE.dll
0x00007fffb5990000 - 0x00007fffb5adc000 	C:\WINDOWS\System32\ucrtbase.dll
0x00007fffaf7e0000 - 0x00007fffaf7fb000 	C:\Program Files\Android\Android Studio\jbr\bin\VCRUNTIME140.dll
0x00007fff916d0000 - 0x00007fff916e8000 	C:\Program Files\Android\Android Studio\jbr\bin\jli.dll
0x00007fffb8060000 - 0x00007fffb8227000 	C:\WINDOWS\System32\USER32.dll
0x00007fffb5960000 - 0x00007fffb5987000 	C:\WINDOWS\System32\win32u.dll
0x00007fff90410000 - 0x00007fff906a2000 	C:\WINDOWS\WinSxS\amd64_microsoft.windows.common-controls_6595b64144ccf1df_6.0.26100.8521_none_3e08b75ce33403b3\COMCTL32.dll
0x00007fffb6860000 - 0x00007fffb688b000 	C:\WINDOWS\System32\GDI32.dll
0x00007fffb70d0000 - 0x00007fffb7179000 	C:\WINDOWS\System32\msvcrt.dll
0x00007fffb5ae0000 - 0x00007fffb5c0b000 	C:\WINDOWS\System32\gdi32full.dll
0x00007fffb58b0000 - 0x00007fffb5953000 	C:\WINDOWS\System32\msvcp_win.dll
0x00007fffb7190000 - 0x00007fffb71c2000 	C:\WINDOWS\System32\IMM32.DLL
0x00007fffb1c40000 - 0x00007fffb1c4c000 	C:\Program Files\Android\Android Studio\jbr\bin\vcruntime140_1.dll
0x00007fff90180000 - 0x00007fff9020d000 	C:\Program Files\Android\Android Studio\jbr\bin\msvcp140.dll
0x00007fff259d0000 - 0x00007fff26666000 	C:\Program Files\Android\Android Studio\jbr\bin\server\jvm.dll
0x00007fffb7b70000 - 0x00007fffb7c26000 	C:\WINDOWS\System32\ADVAPI32.dll
0x00007fffb7ac0000 - 0x00007fffb7b6a000 	C:\WINDOWS\System32\sechost.dll
0x00007fffb6f90000 - 0x00007fffb70a8000 	C:\WINDOWS\System32\RPCRT4.dll
0x00007fffb7c30000 - 0x00007fffb7cb0000 	C:\WINDOWS\System32\WS2_32.dll
0x00007fffb5470000 - 0x00007fffb54ce000 	C:\WINDOWS\SYSTEM32\POWRPROF.dll
0x00007fffac5b0000 - 0x00007fffac5e6000 	C:\WINDOWS\SYSTEM32\WINMM.dll
0x00007fffb2c40000 - 0x00007fffb2c4b000 	C:\WINDOWS\SYSTEM32\VERSION.dll
0x00007fffb5450000 - 0x00007fffb5464000 	C:\WINDOWS\SYSTEM32\UMPDC.dll
0x00007fffb4350000 - 0x00007fffb436b000 	C:\WINDOWS\SYSTEM32\kernel.appcore.dll
0x00007fffaf7b0000 - 0x00007fffaf7ba000 	C:\Program Files\Android\Android Studio\jbr\bin\jimage.dll
0x00007fffb29a0000 - 0x00007fffb2be2000 	C:\WINDOWS\SYSTEM32\DBGHELP.DLL
0x00007fffb68a0000 - 0x00007fffb6c23000 	C:\WINDOWS\System32\combase.dll
0x00007fffb7890000 - 0x00007fffb7969000 	C:\WINDOWS\System32\OLEAUT32.dll
0x00007fff88dd0000 - 0x00007fff88e0b000 	C:\WINDOWS\SYSTEM32\dbgcore.DLL
0x00007fffb55f0000 - 0x00007fffb5698000 	C:\WINDOWS\System32\bcryptPrimitives.dll
0x00007fff91690000 - 0x00007fff9169e000 	C:\Program Files\Android\Android Studio\jbr\bin\instrument.dll
0x00007fffaf790000 - 0x00007fffaf7b0000 	C:\Program Files\Android\Android Studio\jbr\bin\java.dll
0x00007fff9e620000 - 0x00007fff9e638000 	C:\Program Files\Android\Android Studio\jbr\bin\zip.dll
0x00007fffb60d0000 - 0x00007fffb6854000 	C:\WINDOWS\System32\SHELL32.dll
0x00007fffb3180000 - 0x00007fffb3a00000 	C:\WINDOWS\SYSTEM32\windows.storage.dll
0x00007fffb7970000 - 0x00007fffb7a66000 	C:\WINDOWS\System32\SHCORE.dll
0x00007fffb7e90000 - 0x00007fffb7ef7000 	C:\WINDOWS\System32\shlwapi.dll
0x00007fffb5510000 - 0x00007fffb5539000 	C:\WINDOWS\SYSTEM32\profapi.dll
0x00007fffaf780000 - 0x00007fffaf790000 	C:\Program Files\Android\Android Studio\jbr\bin\net.dll
0x00007fffa5550000 - 0x00007fffa5679000 	C:\WINDOWS\SYSTEM32\WINHTTP.dll
0x00007fffb48f0000 - 0x00007fffb495c000 	C:\WINDOWS\system32\mswsock.dll
0x00007fff92840000 - 0x00007fff92856000 	C:\Program Files\Android\Android Studio\jbr\bin\nio.dll
0x00007fff916f0000 - 0x00007fff91700000 	C:\Program Files\Android\Android Studio\jbr\bin\verify.dll
0x00007fff914a0000 - 0x00007fff914c7000 	C:\Users\Lenovo\.gradle\native\660c5614fbf4a5f2a75b1949f50a0caf5cd603558e7d8a26e50b933a0cfb79d1\windows-amd64\native-platform.dll
0x00007fff8c1f0000 - 0x00007fff8c267000 	C:\Users\Lenovo\.gradle\native\0.2.8\x86_64-windows-gnu\gradle-fileevents.dll
0x00007fff92830000 - 0x00007fff92839000 	C:\Program Files\Android\Android Studio\jbr\bin\management.dll
0x00007fff919a0000 - 0x00007fff919ab000 	C:\Program Files\Android\Android Studio\jbr\bin\management_ext.dll
0x00007fffb6890000 - 0x00007fffb6898000 	C:\WINDOWS\System32\PSAPI.DLL
0x00007fffb3d30000 - 0x00007fffb3d63000 	C:\WINDOWS\SYSTEM32\IPHLPAPI.DLL
0x00007fffb7fd0000 - 0x00007fffb7fda000 	C:\WINDOWS\System32\NSI.dll
0x00007fff93a30000 - 0x00007fff93a39000 	C:\Program Files\Android\Android Studio\jbr\bin\extnet.dll
0x00007fffb4bd0000 - 0x00007fffb4beb000 	C:\WINDOWS\SYSTEM32\CRYPTSP.dll
0x00007fffb42b0000 - 0x00007fffb42e9000 	C:\WINDOWS\system32\rsaenh.dll
0x00007fffb49a0000 - 0x00007fffb49d3000 	C:\WINDOWS\SYSTEM32\USERENV.dll
0x00007fffb54e0000 - 0x00007fffb550a000 	C:\WINDOWS\SYSTEM32\bcrypt.dll
0x00007fffb4bf0000 - 0x00007fffb4bfc000 	C:\WINDOWS\SYSTEM32\CRYPTBASE.dll
0x00007fff9e420000 - 0x00007fff9e428000 	C:\WINDOWS\system32\wshunix.dll

JVMTI agents:
C:\Users\Lenovo\.gradle\wrapper\dists\gradle-9.4.1-bin\arn2x92ynaizyzdaamcbpbhtj\gradle-9.4.1\lib\agents\gradle-instrumentation-agent-9.4.1.jar path:C:\Program Files\Android\Android Studio\jbr\bin\instrument.dll, loaded, initialized, instrumentlib options:none

dbghelp: loaded successfully - version: 4.0.5 - missing functions: none
symbol engine: initialized successfully - sym options: 0x614 - pdb path: .;C:\Program Files\Android\Android Studio\jbr\bin;C:\WINDOWS\SYSTEM32;C:\WINDOWS\WinSxS\amd64_microsoft.windows.common-controls_6595b64144ccf1df_6.0.26100.8521_none_3e08b75ce33403b3;C:\Program Files\Android\Android Studio\jbr\bin\server;C:\Users\Lenovo\.gradle\native\660c5614fbf4a5f2a75b1949f50a0caf5cd603558e7d8a26e50b933a0cfb79d1\windows-amd64;C:\Users\Lenovo\.gradle\native\0.2.8\x86_64-windows-gnu

VM Arguments:
jvm_args: --add-opens=java.base/java.lang=ALL-UNNAMED --add-opens=java.base/java.lang.invoke=ALL-UNNAMED --add-opens=java.base/java.util=ALL-UNNAMED --add-opens=java.prefs/java.util.prefs=ALL-UNNAMED --add-exports=jdk.compiler/com.sun.tools.javac.api=ALL-UNNAMED --add-exports=jdk.compiler/com.sun.tools.javac.util=ALL-UNNAMED --add-opens=java.base/java.util=ALL-UNNAMED --add-opens=java.prefs/java.util.prefs=ALL-UNNAMED --add-opens=java.base/java.nio.charset=ALL-UNNAMED --add-opens=java.base/java.net=ALL-UNNAMED --add-opens=java.base/java.util.concurrent=ALL-UNNAMED --add-opens=java.base/java.util.concurrent.atomic=ALL-UNNAMED --add-opens=java.xml/javax.xml.namespace=ALL-UNNAMED --add-opens=java.base/java.time=ALL-UNNAMED -Xmx2048m -Dfile.encoding=UTF-8 -Duser.country=US -Duser.language=en -Duser.variant -javaagent:C:\Users\Lenovo\.gradle\wrapper\dists\gradle-9.4.1-bin\arn2x92ynaizyzdaamcbpbhtj\gradle-9.4.1\lib\agents\gradle-instrumentation-agent-9.4.1.jar 
java_command: org.gradle.launcher.daemon.bootstrap.GradleDaemon 9.4.1
java_class_path (initial): C:\Users\Lenovo\.gradle\wrapper\dists\gradle-9.4.1-bin\arn2x92ynaizyzdaamcbpbhtj\gradle-9.4.1\lib\gradle-daemon-main-9.4.1.jar
Launcher Type: SUN_STANDARD

[Global flags]
     intx CICompilerCount                          = 4                                         {product} {ergonomic}
     uint ConcGCThreads                            = 2                                         {product} {ergonomic}
     uint G1ConcRefinementThreads                  = 8                                         {product} {ergonomic}
   size_t G1HeapRegionSize                         = 1048576                                   {product} {ergonomic}
    uintx GCDrainStackTargetSize                   = 64                                        {product} {ergonomic}
   size_t InitialHeapSize                          = 264241152                                 {product} {ergonomic}
   size_t MarkStackSize                            = 4194304                                   {product} {ergonomic}
   size_t MaxHeapSize                              = 2147483648                                {product} {command line}
   size_t MaxNewSize                               = 1287651328                                {product} {ergonomic}
   size_t MinHeapDeltaBytes                        = 1048576                                   {product} {ergonomic}
   size_t MinHeapSize                              = 8388608                                   {product} {ergonomic}
    uintx NonNMethodCodeHeapSize                   = 5839372                                {pd product} {ergonomic}
    uintx NonProfiledCodeHeapSize                  = 122909434                              {pd product} {ergonomic}
    uintx ProfiledCodeHeapSize                     = 122909434                              {pd product} {ergonomic}
    uintx ReservedCodeCacheSize                    = 251658240                              {pd product} {ergonomic}
     bool SegmentedCodeCache                       = true                                      {product} {ergonomic}
   size_t SoftMaxHeapSize                          = 2147483648                             {manageable} {ergonomic}
     bool UseCompressedOops                        = true                           {product lp64_product} {ergonomic}
     bool UseG1GC                                  = true                                      {product} {ergonomic}
     bool UseLargePagesIndividualAllocation        = false                                  {pd product} {ergonomic}

Logging:
Log output configuration:
 #0: stdout all=warning uptime,level,tags foldmultilines=false
 #1: stderr all=off uptime,level,tags foldmultilines=false

Release file:
JAVA_VERSION="21.0.10" 
MODULES="java.base java.compiler java.datatransfer java.xml java.prefs java.desktop java.instrument java.logging java.management java.security.sasl java.naming java.rmi java.management.rmi java.net.http java.scripting java.security.jgss java.transaction.xa java.sql java.sql.rowset java.xml.crypto java.se java.smartcardio jdk.accessibility jdk.internal.jvmstat jdk.attach jdk.charsets jdk.internal.opt jdk.zipfs jdk.compiler jdk.crypto.ec jdk.crypto.cryptoki jdk.dynalink jdk.hotspot.agent jdk.httpserver jdk.internal.ed jdk.internal.le jdk.internal.vm.ci jdk.jartool jdk.javadoc jdk.jcmd jdk.jdeps jdk.jdwp.agent jdk.jdi jdk.jfr jdk.jlink jdk.jsobject jdk.localedata jdk.management jdk.management.agent jdk.management.jfr jdk.naming.dns jdk.naming.rmi jdk.net jdk.sctp jdk.security.auth jdk.security.jgss jdk.unsupported jdk.unsupported.desktop jdk.xml.dom" 
IMPLEMENTOR="JetBrains s.r.o." 
JAVA_RUNTIME_VERSION="21.0.10+-14961533-b1163.108" 
LIBC="default" 
OS_ARCH="x86_64" 
OS_NAME="Windows" 
SOURCE=".:git:1351622c2ff2" 

Environment Variables:
PATH=C:\Program Files\Common Files\Oracle\Java\javapath;C:\Windows\system32;C:\Windows;C:\Windows\System32\Wbem;C:\Windows\System32\WindowsPowerShell\v1.0\;C:\Windows\System32\OpenSSH\;C:\Program Files (x86)\NVIDIA Corporation\PhysX\Common;C:\Program Files\NVIDIA Corporation\NVIDIA NvDLISR;C:\WINDOWS\system32;C:\WINDOWS;C:\WINDOWS\System32\Wbem;C:\WINDOWS\System32\WindowsPowerShell\v1.0\;C:\WINDOWS\System32\OpenSSH\;C:\Users\Lenovo\AppData\Local\Android\Sdk\platform-tools;C:\Users\Lenovo\AppData\Local\Programs\Python\Python36-32;C:\Program Files\MATLAB\R2022a\bin;C:\Program Files\nodejs\;C:\Program Files\Git\cmd;C:\Users\Lenovo\AppData\Local\Microsoft\WindowsApps;C:\Users\Lenovo\AppData\Local\Programs\Microsoft VS Code\bin;C:\Users\Lenovo\AppData\Local\GitHubDesktop\bin;E:\Program Files\JetBrains\PyCharm 2021.3.2\bin;;C:\Users\Lenovo\AppData\Local\Android\Sdk\platform-tools;C:\Users\Lenovo\AppData\Roaming\npm;C:\Program Files (x86)\Nmap;D:\Data\Anushka Kamal\Contacts\IntelliJ IDEA 2026.1\bin
USERNAME=Lenovo
OS=Windows_NT
PROCESSOR_IDENTIFIER=Intel64 Family 6 Model 140 Stepping 1, GenuineIntel
TMP=C:\Users\Lenovo\AppData\Local\Temp
TEMP=C:\Users\Lenovo\AppData\Local\Temp




Periodic native trim disabled

JNI global refs:
JNI global refs: 30, weak refs: 11

JNI global refs memory usage: 835, weak refs: 833

Process memory usage:
Resident Set Size: 671340K (4% of 16499128K total physical memory with 3141100K free physical memory)

OOME stack traces (most recent first):
Classloader memory used:
Loader org.gradle.internal.classloader.VisitableURLClassLoader                         : 102M
Loader bootstrap                                                                       : 23841K
Loader org.gradle.initialization.MixInLegacyTypesClassLoader                           : 11315K
Loader jdk.internal.loader.ClassLoaders$AppClassLoader                                 : 7586K
Loader org.gradle.internal.classloader.VisitableURLClassLoader                         : 1040K
Loader org.gradle.internal.classloader.VisitableURLClassLoader$InstrumentingVisitableURLClassLoader: 738K
Loader jdk.internal.loader.ClassLoaders$PlatformClassLoader                            : 605K
Loader jdk.internal.jrtfs.JrtFileSystemProvider$JrtFsLoader                            : 340K
Loader jdk.internal.reflect.DelegatingClassLoader                                      : 293K
Loader org.gradle.groovy.scripts.internal.DefaultScriptCompilationHandler$ScriptClassLoader: 92640B

Classes loaded by more than one classloader:
Class org.gradle.internal.IoActions                                                   : loaded 3 times (x 71B)
Class org.gradle.api.Action                                                           : loaded 3 times (x 70B)
Class org.gradle.internal.Cast                                                        : loaded 3 times (x 71B)
Class org.gradle.api.GradleException                                                  : loaded 3 times (x 82B)
Class Program                                                                         : loaded 3 times (x 72B)
Class com.google.common.collect.UnmodifiableListIterator                              : loaded 2 times (x 95B)
Class org.gradle.internal.operations.MultipleBuildOperationFailures                   : loaded 2 times (x 95B)
Class org.gradle.internal.classloader.DefaultClassLoaderFactory                       : loaded 2 times (x 82B)
Class kotlin.collections.AbstractList$Companion                                       : loaded 2 times (x 71B)
Class org.gradle.tooling.internal.gradle.DefaultProjectIdentifier                     : loaded 2 times (x 86B)
Class org.gradle.api.internal.DefaultClassPathProvider                                : loaded 2 times (x 76B)
Class [Lorg.gradle.api.internal.ClassPathProvider;                                    : loaded 2 times (x 69B)
Class org.gradle.api.internal.ClassPathProvider                                       : loaded 2 times (x 70B)
Class jdk.internal.jrtfs.SystemImage                                                  : loaded 2 times (x 74B)
Class org.gradle.internal.service.UnknownServiceException                             : loaded 2 times (x 83B)
Class jdk.internal.jimage.ImageReader$LinkNode                                        : loaded 2 times (x 84B)
Class org.gradle.internal.classpath.TransformedClassPath                              : loaded 2 times (x 96B)
Class org.gradle.internal.classloader.InstrumentingClassLoader                        : loaded 2 times (x 70B)
Class jdk.internal.jrtfs.SystemImage$1                                                : loaded 2 times (x 78B)
Class com.google.common.collect.Iterators$ArrayItr                                    : loaded 2 times (x 97B)
Class kotlin.enums.EnumEntriesList                                                    : loaded 2 times (x 223B)
Class jdk.internal.jrtfs.SystemImage$2                                                : loaded 2 times (x 76B)
Class com.google.common.collect.UnmodifiableIterator                                  : loaded 2 times (x 80B)
Class org.gradle.internal.service.ServiceLocator                                      : loaded 2 times (x 70B)
Class jdk.internal.jrtfs.JrtFileSystemProvider                                        : loaded 2 times (x 101B)
Class com.intellij.gradle.toolingExtension.util.GradleVersionUtil                     : loaded 2 times (x 71B)
Class com.google.common.collect.Iterators$SingletonIterator                           : loaded 2 times (x 81B)
Class org.gradle.tooling.model.UnsupportedMethodException                             : loaded 2 times (x 82B)
Class com.google.common.collect.Iterators                                             : loaded 2 times (x 71B)
Class jdk.internal.jimage.ImageLocation                                               : loaded 2 times (x 90B)
Class jdk.internal.jrtfs.JrtDirectoryStream$1                                         : loaded 2 times (x 83B)
Class com.google.common.collect.Lists$StringAsImmutableList                           : loaded 2 times (x 207B)
Class jdk.internal.jimage.ImageBufferCache$1                                          : loaded 2 times (x 83B)
Class org.gradle.internal.time.DefaultTimer                                           : loaded 2 times (x 80B)
Class jdk.internal.jimage.ImageBufferCache$2                                          : loaded 2 times (x 91B)
Class org.gradle.api.internal.classpath.DefaultModuleRegistry$DefaultModule           : loaded 2 times (x 82B)
Class com.google.common.collect.AbstractIterator                                      : loaded 2 times (x 82B)
Class com.google.common.collect.AbstractIndexedListIterator                           : loaded 2 times (x 96B)
Class org.gradle.internal.time.DefaultCountdownTimer                                  : loaded 2 times (x 88B)
Class org.gradle.tooling.internal.gradle.DefaultBuildIdentifier                       : loaded 2 times (x 79B)
Class org.gradle.api.internal.classpath.Module                                        : loaded 2 times (x 70B)
Class org.gradle.api.internal.classpath.UnknownModuleException                        : loaded 2 times (x 82B)
Class jdk.internal.jimage.ImageHeader                                                 : loaded 2 times (x 71B)
Class ijInit2_1arbuanx2ljt36i3dawmbi218$_run_closure1                                 : loaded 2 times (x 140B)
Class org.gradle.tooling.internal.gradle.GradleProjectIdentity                        : loaded 2 times (x 70B)
Class org.gradle.api.internal.DefaultClassPathRegistry                                : loaded 2 times (x 76B)
Class ijInit2_1arbuanx2ljt36i3dawmbi218                                               : loaded 2 times (x 171B)
Class org.gradle.internal.classpath.DefaultClassPath$ImmutableUniqueList              : loaded 2 times (x 199B)
Class org.gradle.api.internal.ClassPathRegistry                                       : loaded 2 times (x 70B)
Class jdk.internal.jimage.decompressor.ResourceDecompressor                           : loaded 2 times (x 70B)
Class jdk.internal.jimage.decompressor.StringSharingDecompressorFactory               : loaded 2 times (x 74B)
Class Settings_gradle$1                                                               : loaded 2 times (x 74B)
Class org.gradle.internal.classpath.ClassPath                                         : loaded 2 times (x 70B)
Class org.gradle.api.internal.classpath.DefaultModuleRegistry$DefaultModuleAlias      : loaded 2 times (x 80B)
Class jdk.internal.jimage.ImageStringsReader                                          : loaded 2 times (x 80B)
Class com.google.common.collect.Iterators$1                                           : loaded 2 times (x 81B)
Class org.gradle.internal.classloader.ClassLoaderHierarchy                            : loaded 2 times (x 70B)
Class kotlin.UninitializedPropertyAccessException                                     : loaded 2 times (x 82B)
Class jdk.internal.jimage.ImageReader                                                 : loaded 2 times (x 75B)
Class jdk.internal.jimage.ImageReader$SharedImageReader                               : loaded 2 times (x 95B)
Class com.google.common.collect.Iterators$4                                           : loaded 2 times (x 82B)
Class org.gradle.api.internal.classpath.ModuleRegistry                                : loaded 2 times (x 70B)
Class org.gradle.internal.installation.GradleInstallation$1                           : loaded 2 times (x 75B)
Class jdk.internal.jimage.decompressor.ResourceDecompressorFactory                    : loaded 2 times (x 74B)
Class com.google.common.collect.Iterators$5                                           : loaded 2 times (x 82B)
Class jdk.internal.jimage.ImageReader$Node                                            : loaded 2 times (x 84B)
Class com.google.common.collect.ImmutableCollection                                   : loaded 2 times (x 125B)
Class org.gradle.api.internal.classpath.DefaultModuleRegistry                         : loaded 2 times (x 84B)
Class jdk.internal.jimage.BasicImageReader$1                                          : loaded 2 times (x 77B)
Class com.google.common.collect.Lists                                                 : loaded 2 times (x 71B)
Class com.google.common.collect.Iterators$9                                           : loaded 2 times (x 81B)
Class jdk.internal.jimage.decompressor.Decompressor                                   : loaded 2 times (x 72B)
Class jdk.internal.jimage.ImageReader$Resource                                        : loaded 2 times (x 84B)
Class sync_studio_tooling6_a3air11cr1bhfsmdnn3kfk309                                  : loaded 2 times (x 171B)
Class org.gradle.internal.time.MonotonicClock                                         : loaded 2 times (x 77B)
Class org.gradle.internal.service.ServiceLookupException                              : loaded 2 times (x 82B)
Class jdk.internal.jrtfs.JrtFileAttributes                                            : loaded 2 times (x 83B)
Class org.gradle.internal.classloader.ClassLoaderFactory                              : loaded 2 times (x 70B)
Class org.gradle.internal.service.CachingServiceLocator                               : loaded 2 times (x 82B)
Class org.gradle.internal.time.TimeSource                                             : loaded 2 times (x 70B)
Class sync_studio_tooling6_a3air11cr1bhfsmdnn3kfk309$_run_closure1                    : loaded 2 times (x 139B)
Class org.gradle.tooling.internal.gradle.GradleBuildIdentity                          : loaded 2 times (x 70B)
Class kotlin.enums.EnumEntries                                                        : loaded 2 times (x 70B)
Class org.gradle.internal.exceptions.ResolutionProvider                               : loaded 2 times (x 70B)
Class jdk.internal.jimage.ImageBufferCache                                            : loaded 2 times (x 71B)
Class jdk.internal.jrtfs.JrtPath                                                      : loaded 2 times (x 118B)
Class org.gradle.tooling.model.ProjectIdentifier                                      : loaded 2 times (x 70B)
Class org.gradle.internal.classloader.ClasspathUtil                                   : loaded 2 times (x 71B)
Class org.gradle.internal.time.TimeSource$1                                           : loaded 2 times (x 77B)
Class kotlin.jvm.internal.DefaultConstructorMarker                                    : loaded 2 times (x 71B)
Class org.gradle.api.specs.Spec                                                       : loaded 2 times (x 70B)
Class jdk.internal.jimage.ImageReader$SharedImageReader$LocationVisitor               : loaded 2 times (x 70B)
Class jdk.internal.jimage.decompressor.ResourceDecompressorRepository                 : loaded 2 times (x 71B)
Class com.intellij.gradle.toolingExtension.impl.model.utilDummyModel.DummyModel       : loaded 2 times (x 70B)
Class org.gradle.internal.time.Clock                                                  : loaded 2 times (x 70B)
Class jdk.internal.jimage.ImageReader$Directory                                       : loaded 2 times (x 84B)
Class kotlin.collections.AbstractList                                                 : loaded 2 times (x 197B)
Class kotlin.collections.AbstractCollection                                           : loaded 2 times (x 117B)
Class org.gradle.internal.classloader.VisitableURLClassLoader$InstrumentingVisitableURLClassLoader: loaded 2 times (x 123B)
Class org.gradle.internal.classloader.VisitableURLClassLoader$Spec                    : loaded 2 times (x 74B)
Class org.gradle.internal.classpath.DefaultClassPath                                  : loaded 2 times (x 90B)
Class jdk.internal.jimage.decompressor.ZipDecompressorFactory                         : loaded 2 times (x 74B)
Class org.gradle.util.internal.DefaultGradleVersion                                   : loaded 2 times (x 82B)
Class org.gradle.internal.classloader.ClassLoaderSpec                                 : loaded 2 times (x 71B)
Class Settings_gradle$1$1                                                             : loaded 2 times (x 74B)
Class org.gradle.api.internal.classpath.Module$ModuleAlias                            : loaded 2 times (x 70B)
Class org.gradle.internal.classloader.VisitableURLClassLoader                         : loaded 2 times (x 117B)
Class Settings_gradle                                                                 : loaded 2 times (x 124B)
Class jdk.internal.jimage.BasicImageReader                                            : loaded 2 times (x 95B)
Class org.gradle.internal.classloader.FilteringClassLoader                            : loaded 2 times (x 105B)
Class jdk.internal.jimage.decompressor.ZipDecompressor                                : loaded 2 times (x 75B)
Class org.gradle.internal.classpath.DefaultClassPath$ImmutableUniqueList$Builder      : loaded 2 times (x 75B)
Class org.gradle.tooling.model.Model                                                  : loaded 2 times (x 70B)
Class org.gradle.internal.exceptions.NonGradleCauseExceptionsHolder                   : loaded 2 times (x 70B)
Class jdk.internal.jimage.ImageStrings                                                : loaded 2 times (x 70B)
Class kotlin.NotImplementedError                                                      : loaded 2 times (x 82B)
Class kotlin.enums.EnumEntriesKt                                                      : loaded 2 times (x 71B)
Class org.gradle.internal.exceptions.MultiCauseException                              : loaded 2 times (x 70B)
Class org.gradle.internal.time.CountdownTimer                                         : loaded 2 times (x 70B)
Class kotlin.jvm.internal.Intrinsics                                                  : loaded 2 times (x 71B)
Class jdk.internal.jrtfs.JrtFileSystem                                                : loaded 2 times (x 102B)
Class org.gradle.tooling.model.ProjectModel                                           : loaded 2 times (x 70B)
Class jdk.internal.jimage.decompressor.CompressedResourceHeader                       : loaded 2 times (x 71B)
Class kotlin.KotlinNullPointerException                                               : loaded 2 times (x 83B)
Class org.gradle.internal.exceptions.DefaultMultiCauseException                       : loaded 2 times (x 95B)
Class com.google.common.base.Preconditions                                            : loaded 2 times (x 71B)
Class com.google.common.collect.PeekingIterator                                       : loaded 2 times (x 70B)
Class org.gradle.internal.time.Time                                                   : loaded 2 times (x 71B)
Class org.gradle.tooling.model.BuildIdentifier                                        : loaded 2 times (x 70B)
Class kotlin.NoWhenBranchMatchedException                                             : loaded 2 times (x 82B)
Class org.gradle.internal.time.Timer                                                  : loaded 2 times (x 70B)
Class kotlin.jvm.internal.markers.KMappedMarker                                       : loaded 2 times (x 70B)
Class org.gradle.internal.installation.CurrentGradleInstallationLocator               : loaded 2 times (x 71B)
Class com.google.common.collect.ImmutableList                                         : loaded 2 times (x 206B)
Class org.gradle.internal.service.DefaultServiceLocator                               : loaded 2 times (x 83B)
Class jdk.internal.jrtfs.JrtDirectoryStream                                           : loaded 2 times (x 89B)
Class org.gradle.util.GradleVersion                                                   : loaded 2 times (x 81B)
Class org.gradle.internal.installation.CurrentGradleInstallation                      : loaded 2 times (x 73B)
Class org.gradle.util.internal.GUtil                                                  : loaded 2 times (x 71B)
Class com.google.common.collect.Iterators$MergingIterator                             : loaded 2 times (x 81B)
Class org.gradle.internal.installation.GradleInstallation                             : loaded 2 times (x 75B)
Class jdk.internal.jimage.decompressor.ResourceDecompressor$StringsProvider           : loaded 2 times (x 70B)

---------------  S Y S T E M  ---------------

OS:
 Windows 11 , 64 bit Build 26100 (10.0.26100.8521)
OS uptime: 0 days 2:10 hours
Hyper-V role detected

CPU: total 8 (initial active 8) (4 cores per cpu, 2 threads per core) family 6 model 140 stepping 1 microcode 0xbe, cx8, cmov, fxsr, ht, mmx, 3dnowpref, sse, sse2, sse3, ssse3, sse4.1, sse4.2, popcnt, lzcnt, tsc, tscinvbit, avx, avx2, aes, erms, clmul, bmi1, bmi2, adx, avx512f, avx512dq, avx512cd, avx512bw, avx512vl, sha, fma, vzeroupper, avx512_vpopcntdq, avx512_vpclmulqdq, avx512_vaes, avx512_vnni, clflush, clflushopt, clwb, avx512_vbmi2, avx512_vbmi, hv, rdtscp, rdpid, fsrm, gfni, avx512_bitalg, f16c, cet_ibt, cet_ss, avx512_ifma
Processor Information for the first 8 processors :
  Max Mhz: 2995, Current Mhz: 2995, Mhz Limit: 2995

Memory: 4k page, system-wide physical 16112M (3067M free)
TotalPageFile size 16112M (AvailPageFile size 82M)
current process WorkingSet (physical memory assigned to process): 655M, peak: 672M
current process commit charge ("private bytes"): 693M, peak: 885M

vm_info: OpenJDK 64-Bit Server VM (21.0.10+-14961533-b1163.108) for windows-amd64 JRE (21.0.10+-14961533-b1163.108), built on 2026-03-02T19:58:50Z by "builder" with MS VC++ 16.10 / 16.11 (VS2019)

END.
